country,iso3c,days_since_tenth_death,deaths_per_million_smoothed,total_deaths_per_million,deaths_per_million_smoothed_yesterday
India,IND,0,0.001014582915916989,0.29054780821202075,0.028442013655075375
India,IND,1,0.0012982356623265324,0.29054780821202075,0.028442013655075375
India,IND,2,0.0016549551222058128,0.29054780821202075,0.028442013655075375
India,IND,3,0.002096249735434481,0.29054780821202075,0.028442013655075375
India,IND,4,0.0026363658628923425,0.29054780821202075,0.028442013655075375
India,IND,5,0.0033076536240956717,0.29054780821202075,0.028442013655075375
India,IND,6,0.0041328387050766635,0.29054780821202075,0.028442013655075375
India,IND,7,0.005123211360127305,0.29054780821202075,0.028442013655075375
India,IND,8,0.006280491910639594,0.29054780821202075,0.028442013655075375
India,IND,9,0.007580964247158391,0.29054780821202075,0.028442013655075375
India,IND,10,0.00901193071332348,0.29054780821202075,0.028442013655075375
India,IND,11,0.010578131573823672,0.29054780821202075,0.028442013655075375
India,IND,12,0.012314072533623724,0.29054780821202075,0.028442013655075375
India,IND,13,0.014181262486284487,0.29054780821202075,0.028442013655075375
India,IND,14,0.016114633492338916,0.29054780821202075,0.028442013655075375
India,IND,15,0.01803679551199334,0.29054780821202075,0.028442013655075375
India,IND,16,0.019897969913673395,0.29054780821202075,0.028442013655075375
India,IND,17,0.021652758170841658,0.29054780821202075,0.028442013655075375
India,IND,18,0.023254260741254636,0.29054780821202075,0.028442013655075375
India,IND,19,0.024706640177493532,0.29054780821202075,0.028442013655075375
India,IND,20,0.026029687264836107,0.29054780821202075,0.028442013655075375
India,IND,21,0.027256160315632053,0.29054780821202075,0.028442013655075375
India,IND,22,0.028442013655075375,0.29054780821202075,0.028442013655075375
Japan,JPN,0,0.011266103699322821,1.130174797734276,0.10290209566705606
Japan,JPN,1,0.01296812327847347,1.130174797734276,0.10290209566705606
Japan,JPN,2,0.014454848155760713,1.130174797734276,0.10290209566705606
Japan,JPN,3,0.015628843360087658,1.130174797734276,0.10290209566705606
Japan,JPN,4,0.016491272178635427,1.130174797734276,0.10290209566705606
Japan,JPN,5,0.01706625264038432,1.130174797734276,0.10290209566705606
Japan,JPN,6,0.017386971057566234,1.130174797734276,0.10290209566705606
Japan,JPN,7,0.017518297301915592,1.130174797734276,0.10290209566705606
Japan,JPN,8,0.017512833143113804,1.130174797734276,0.10290209566705606
Japan,JPN,9,0.017444792578222745,1.130174797734276,0.10290209566705606
Japan,JPN,10,0.017445818178227997,1.130174797734276,0.10290209566705606
Japan,JPN,11,0.01747232743138913,1.130174797734276,0.10290209566705606
Japan,JPN,12,0.01742247230484414,1.130174797734276,0.10290209566705606
Japan,JPN,13,0.017199170547056834,1.130174797734276,0.10290209566705606
Japan,JPN,14,0.016840056943789674,1.130174797734276,0.10290209566705606
Japan,JPN,15,0.01643658093622695,1.130174797734276,0.10290209566705606
Japan,JPN,16,0.016129548889667056,1.130174797734276,0.10290209566705606
Japan,JPN,17,0.015984077402407156,1.130174797734276,0.10290209566705606
Japan,JPN,18,0.01604274367828848,1.130174797734276,0.10290209566705606
Japan,JPN,19,0.01635153484615485,1.130174797734276,0.10290209566705606
Japan,JPN,20,0.016965261662554805,1.130174797734276,0.10290209566705606
Japan,JPN,21,0.01797524080086383,1.130174797734276,0.10290209566705606
Japan,JPN,22,0.019457487766043002,1.130174797734276,0.10290209566705606
Japan,JPN,23,0.02137552719831157,1.130174797734276,0.10290209566705606
Japan,JPN,24,0.023610572849759797,1.130174797734276,0.10290209566705606
Japan,JPN,25,0.02600748862187504,1.130174797734276,0.10290209566705606
Japan,JPN,26,0.028390550903400168,1.130174797734276,0.10290209566705606
Japan,JPN,27,0.030830181103370484,1.130174797734276,0.10290209566705606
Japan,JPN,28,0.03349861361193458,1.130174797734276,0.10290209566705606
Japan,JPN,29,0.036739980276499114,1.130174797734276,0.10290209566705606
Japan,JPN,30,0.04106397565071586,1.130174797734276,0.10290209566705606
Japan,JPN,31,0.046993815132078516,1.130174797734276,0.10290209566705606
Japan,JPN,32,0.05489544493647255,1.130174797734276,0.10290209566705606
Japan,JPN,33,0.06479327526344329,1.130174797734276,0.10290209566705606
Japan,JPN,34,0.07651319356975461,1.130174797734276,0.10290209566705606
Japan,JPN,35,0.0894323729948749,1.130174797734276,0.10290209566705606
Japan,JPN,36,0.10290209566705606,1.130174797734276,0.10290209566705606
Russia,RUS,0,0.02447572118062608,1.176649324932057,0.14743535567358754
Russia,RUS,1,0.02827770418056621,1.176649324932057,0.14743535567358754
Russia,RUS,2,0.032199204449398514,1.176649324932057,0.14743535567358754
Russia,RUS,3,0.0364415231287621,1.176649324932057,0.14743535567358754
Russia,RUS,4,0.04131810120158341,1.176649324932057,0.14743535567358754
Russia,RUS,5,0.04718144860351355,1.176649324932057,0.14743535567358754
Russia,RUS,6,0.0543562106798904,1.176649324932057,0.14743535567358754
Russia,RUS,7,0.06299211550167048,1.176649324932057,0.14743535567358754
Russia,RUS,8,0.07300132686659329,1.176649324932057,0.14743535567358754
Russia,RUS,9,0.08419345227093394,1.176649324932057,0.14743535567358754
Russia,RUS,10,0.09620719679106958,1.176649324932057,0.14743535567358754
Russia,RUS,11,0.10876066052725988,1.176649324932057,0.14743535567358754
Russia,RUS,12,0.12160119904840536,1.176649324932057,0.14743535567358754
Russia,RUS,13,0.1345077657317332,1.176649324932057,0.14743535567358754
Russia,RUS,14,0.14743535567358754,1.176649324932057,0.14743535567358754
Indonesia,IDN,0,0.016960479679743755,1.71484013122674,0.16499754942904674
Indonesia,IDN,1,0.019518571964076484,1.71484013122674,0.16499754942904674
Indonesia,IDN,2,0.02189434769141229,1.71484013122674,0.16499754942904674
Indonesia,IDN,3,0.024126131454940566,1.71484013122674,0.16499754942904674
Indonesia,IDN,4,0.026279599761092235,1.71484013122674,0.16499754942904674
Indonesia,IDN,5,0.028454621598913668,1.71484013122674,0.16499754942904674
Indonesia,IDN,6,0.030742313806521877,1.71484013122674,0.16499754942904674
Indonesia,IDN,7,0.033129943406539665,1.71484013122674,0.16499754942904674
Indonesia,IDN,8,0.035430078440775115,1.71484013122674,0.16499754942904674
Indonesia,IDN,9,0.037450483645059915,1.71484013122674,0.16499754942904674
Indonesia,IDN,10,0.03913913781611003,1.71484013122674,0.16499754942904674
Indonesia,IDN,11,0.04051138954970011,1.71484013122674,0.16499754942904674
Indonesia,IDN,12,0.04170100272555411,1.71484013122674,0.16499754942904674
Indonesia,IDN,13,0.04284625575915188,1.71484013122674,0.16499754942904674
Indonesia,IDN,14,0.04403385831998949,1.71484013122674,0.16499754942904674
Indonesia,IDN,15,0.04551767816190521,1.71484013122674,0.16499754942904674
Indonesia,IDN,16,0.04764619066656812,1.71484013122674,0.16499754942904674
Indonesia,IDN,17,0.05091628438136248,1.71484013122674,0.16499754942904674
Indonesia,IDN,18,0.055719587182423355,1.71484013122674,0.16499754942904674
Indonesia,IDN,19,0.0623639995777857,1.71484013122674,0.16499754942904674
Indonesia,IDN,20,0.07091919114361611,1.71484013122674,0.16499754942904674
Indonesia,IDN,21,0.08118836239939624,1.71484013122674,0.16499754942904674
Indonesia,IDN,22,0.0928805426891484,1.71484013122674,0.16499754942904674
Indonesia,IDN,23,0.10562966279469038,1.71484013122674,0.16499754942904674
Indonesia,IDN,24,0.1193541815860349,1.71484013122674,0.16499754942904674
Indonesia,IDN,25,0.13399887436154767,1.71484013122674,0.16499754942904674
Indonesia,IDN,26,0.14930241665469696,1.71484013122674,0.16499754942904674
Indonesia,IDN,27,0.16499754942904674,1.71484013122674,0.16499754942904674
Egypt,EGY,0,0.021075363127164282,1.8085094331293223,0.1263391701002393
Egypt,EGY,1,0.023721459066409826,1.8085094331293223,0.1263391701002393
Egypt,EGY,2,0.026262528999855938,1.8085094331293223,0.1263391701002393
Egypt,EGY,3,0.028731009955256563,1.8085094331293223,0.1263391701002393
Egypt,EGY,4,0.031346444409584936,1.8085094331293223,0.1263391701002393
Egypt,EGY,5,0.03416770178155444,1.8085094331293223,0.1263391701002393
Egypt,EGY,6,0.03717053913011195,1.8085094331293223,0.1263391701002393
Egypt,EGY,7,0.040264359181843956,1.8085094331293223,0.1263391701002393
Egypt,EGY,8,0.04353541334580572,1.8085094331293223,0.1263391701002393
Egypt,EGY,9,0.047216281946508135,1.8085094331293223,0.1263391701002393
Egypt,EGY,10,0.05150685363448912,1.8085094331293223,0.1263391701002393
Egypt,EGY,11,0.05637826933656389,1.8085094331293223,0.1263391701002393
Egypt,EGY,12,0.061757728659325044,1.8085094331293223,0.1263391701002393
Egypt,EGY,13,0.06758803752573263,1.8085094331293223,0.1263391701002393
Egypt,EGY,14,0.07385414072302338,1.8085094331293223,0.1263391701002393
Egypt,EGY,15,0.0805284261928649,1.8085094331293223,0.1263391701002393
Egypt,EGY,16,0.08753915999563225,1.8085094331293223,0.1263391701002393
Egypt,EGY,17,0.09464681012486159,1.8085094331293223,0.1263391701002393
Egypt,EGY,18,0.10151011427956505,1.8085094331293223,0.1263391701002393
Egypt,EGY,19,0.10773196911220954,1.8085094331293223,0.1263391701002393
Egypt,EGY,20,0.11288266702556624,1.8085094331293223,0.1263391701002393
Egypt,EGY,21,0.11700057601053888,1.8085094331293223,0.1263391701002393
Egypt,EGY,22,0.12032846384974319,1.8085094331293223,0.1263391701002393
Egypt,EGY,23,0.12334847496984336,1.8085094331293223,0.1263391701002393
Egypt,EGY,24,0.1263391701002393,1.8085094331293223,0.1263391701002393
Argentina,ARG,0,0.05382238090448982,2.292418060999986,0.1435635243153357
Argentina,ARG,1,0.0605276019554929,2.292418060999986,0.1435635243153357
Argentina,ARG,2,0.06686390264526795,2.292418060999986,0.1435635243153357
Argentina,ARG,3,0.07296564267869889,2.292418060999986,0.1435635243153357
Argentina,ARG,4,0.07899203936383559,2.292418060999986,0.1435635243153357
Argentina,ARG,5,0.08507123606822152,2.292418060999986,0.1435635243153357
Argentina,ARG,6,0.09119289888835788,2.292418060999986,0.1435635243153357
Argentina,ARG,7,0.09737576189215617,2.292418060999986,0.1435635243153357
Argentina,ARG,8,0.10386332667244036,2.292418060999986,0.1435635243153357
Argentina,ARG,9,0.11083931020687394,2.292418060999986,0.1435635243153357
Argentina,ARG,10,0.11828718777323914,2.292418060999986,0.1435635243153357
Argentina,ARG,11,0.1255407420826032,2.292418060999986,0.1435635243153357
Argentina,ARG,12,0.131874705091834,2.292418060999986,0.1435635243153357
Argentina,ARG,13,0.13665352238401668,2.292418060999986,0.1435635243153357
Argentina,ARG,14,0.1396575308879856,2.292418060999986,0.1435635243153357
Argentina,ARG,15,0.14139841807222053,2.292418060999986,0.1435635243153357
Argentina,ARG,16,0.14247076526253036,2.292418060999986,0.1435635243153357
Argentina,ARG,17,0.14313281083445223,2.292418060999986,0.1435635243153357
Argentina,ARG,18,0.1435635243153357,2.292418060999986,0.1435635243153357
China,CHN,0,0.002301701944396048,2.4017576989079004,4.2311390582937806e-4
China,CHN,1,0.005152781080823432,2.4017576989079004,4.2311390582937806e-4
China,CHN,2,0.008084021541450319,2.4017576989079004,4.2311390582937806e-4
China,CHN,3,0.011145348160354463,2.4017576989079004,4.2311390582937806e-4
China,CHN,4,0.014370818662445486,2.4017576989079004,4.2311390582937806e-4
China,CHN,5,0.017781309507613915,2.4017576989079004,4.2311390582937806e-4
China,CHN,6,0.02136941729197116,2.4017576989079004,4.2311390582937806e-4
China,CHN,7,0.02517952825097705,2.4017576989079004,4.2311390582937806e-4
China,CHN,8,0.029253058777016137,2.4017576989079004,4.2311390582937806e-4
China,CHN,9,0.03354510845963654,2.4017576989079004,4.2311390582937806e-4
China,CHN,10,0.03794549574434238,2.4017576989079004,4.2311390582937806e-4
China,CHN,11,0.042322849471997805,2.4017576989079004,4.2311390582937806e-4
China,CHN,12,0.04655253939498403,2.4017576989079004,4.2311390582937806e-4
China,CHN,13,0.05067993520800901,2.4017576989079004,4.2311390582937806e-4
China,CHN,14,0.054792883922884464,2.4017576989079004,4.2311390582937806e-4
China,CHN,15,0.05895610769486053,2.4017576989079004,4.2311390582937806e-4
China,CHN,16,0.06317792835417253,2.4017576989079004,4.2311390582937806e-4
China,CHN,17,0.06744120965537707,2.4017576989079004,4.2311390582937806e-4
China,CHN,18,0.07167447375990507,2.4017576989079004,4.2311390582937806e-4
China,CHN,19,0.07577422815590396,2.4017576989079004,4.2311390582937806e-4
China,CHN,20,0.07965430535299095,2.4017576989079004,4.2311390582937806e-4
China,CHN,21,0.0831898618136915,2.4017576989079004,4.2311390582937806e-4
China,CHN,22,0.08606071188994203,2.4017576989079004,4.2311390582937806e-4
China,CHN,23,0.08783479731075139,2.4017576989079004,4.2311390582937806e-4
China,CHN,24,0.08820012562501853,2.4017576989079004,4.2311390582937806e-4
China,CHN,25,0.08736336918651179,2.4017576989079004,4.2311390582937806e-4
China,CHN,26,0.08555272388900532,2.4017576989079004,4.2311390582937806e-4
China,CHN,27,0.08293392479229526,2.4017576989079004,4.2311390582937806e-4
China,CHN,28,0.07957191077270652,2.4017576989079004,4.2311390582937806e-4
China,CHN,29,0.0756327778375011,2.4017576989079004,4.2311390582937806e-4
China,CHN,30,0.0713053356765114,2.4017576989079004,4.2311390582937806e-4
China,CHN,31,0.06671541842342173,2.4017576989079004,4.2311390582937806e-4
China,CHN,32,0.06190167745599087,2.4017576989079004,4.2311390582937806e-4
China,CHN,33,0.0568824335413795,2.4017576989079004,4.2311390582937806e-4
China,CHN,34,0.051713061026175476,2.4017576989079004,4.2311390582937806e-4
China,CHN,35,0.046612129734127636,2.4017576989079004,4.2311390582937806e-4
China,CHN,36,0.04182349392492573,2.4017576989079004,4.2311390582937806e-4
China,CHN,37,0.03754506760644228,2.4017576989079004,4.2311390582937806e-4
China,CHN,38,0.033803049765595394,2.4017576989079004,4.2311390582937806e-4
China,CHN,39,0.030562545103251813,2.4017576989079004,4.2311390582937806e-4
China,CHN,40,0.027775846532335672,2.4017576989079004,4.2311390582937806e-4
China,CHN,41,0.02536537148121785,2.4017576989079004,4.2311390582937806e-4
China,CHN,42,0.023253550135944042,2.4017576989079004,4.2311390582937806e-4
China,CHN,43,0.02136635826263296,2.4017576989079004,4.2311390582937806e-4
China,CHN,44,0.01964024857038677,2.4017576989079004,4.2311390582937806e-4
China,CHN,45,0.018030324354398053,2.4017576989079004,4.2311390582937806e-4
China,CHN,46,0.016499591281460942,2.4017576989079004,4.2311390582937806e-4
China,CHN,47,0.015032055703743639,2.4017576989079004,4.2311390582937806e-4
China,CHN,48,0.013641316542264907,2.4017576989079004,4.2311390582937806e-4
China,CHN,49,0.012345570224316264,2.4017576989079004,4.2311390582937806e-4
China,CHN,50,0.011161690732465488,2.4017576989079004,4.2311390582937806e-4
China,CHN,51,0.010120410813012319,2.4017576989079004,4.2311390582937806e-4
China,CHN,52,0.009221682153211237,2.4017576989079004,4.2311390582937806e-4
China,CHN,53,0.008450888768019216,2.4017576989079004,4.2311390582937806e-4
China,CHN,54,0.007774340805589994,2.4017576989079004,4.2311390582937806e-4
China,CHN,55,0.0071616912316858905,2.4017576989079004,4.2311390582937806e-4
China,CHN,56,0.0065900781842738645,2.4017576989079004,4.2311390582937806e-4
China,CHN,57,0.006059103370486803,2.4017576989079004,4.2311390582937806e-4
China,CHN,58,0.005578390328289058,2.4017576989079004,4.2311390582937806e-4
China,CHN,59,0.005152373244300074,2.4017576989079004,4.2311390582937806e-4
China,CHN,60,0.004765195884854592,2.4017576989079004,4.2311390582937806e-4
China,CHN,61,0.004415304359482163,2.4017576989079004,4.2311390582937806e-4
China,CHN,62,0.004106596434303817,2.4017576989079004,4.2311390582937806e-4
China,CHN,63,0.003842206369559174,2.4017576989079004,4.2311390582937806e-4
China,CHN,64,0.0036179393461539013,2.4017576989079004,4.2311390582937806e-4
China,CHN,65,0.003428059855799409,2.4017576989079004,4.2311390582937806e-4
China,CHN,66,0.0032685138102044402,2.4017576989079004,4.2311390582937806e-4
China,CHN,67,0.00313547010633626,2.4017576989079004,4.2311390582937806e-4
China,CHN,68,0.0030210868501204823,2.4017576989079004,4.2311390582937806e-4
China,CHN,69,0.0029159189959749475,2.4017576989079004,4.2311390582937806e-4
China,CHN,70,0.0028073407791428173,2.4017576989079004,4.2311390582937806e-4
China,CHN,71,0.0026781475129294507,2.4017576989079004,4.2311390582937806e-4
China,CHN,72,0.002514731474731735,2.4017576989079004,4.2311390582937806e-4
China,CHN,73,0.002322085251275938,2.4017576989079004,4.2311390582937806e-4
China,CHN,74,0.0021105132366561943,2.4017576989079004,4.2311390582937806e-4
China,CHN,75,0.0018918952189223394,2.4017576989079004,4.2311390582937806e-4
China,CHN,76,0.001680984139807446,2.4017576989079004,4.2311390582937806e-4
China,CHN,77,0.001483041566584294,2.4017576989079004,4.2311390582937806e-4
China,CHN,78,0.0012989262627352775,2.4017576989079004,4.2311390582937806e-4
China,CHN,79,0.001123185146110437,2.4017576989079004,4.2311390582937806e-4
China,CHN,80,9.50321157361869e-4,2.4017576989079004,4.2311390582937806e-4
China,CHN,81,7.762291690282535e-4,2.4017576989079004,4.2311390582937806e-4
China,CHN,82,6.005435865891262e-4,2.4017576989079004,4.2311390582937806e-4
China,CHN,83,4.2311390582937806e-4,2.4017576989079004,4.2311390582937806e-4
Colombia,COL,0,0.03977572981188916,2.557973086296243,0.24749582746802623
Colombia,COL,1,0.048170357526923106,2.557973086296243,0.24749582746802623
Colombia,COL,2,0.05772192244776427,2.557973086296243,0.24749582746802623
Colombia,COL,3,0.06860645272553222,2.557973086296243,0.24749582746802623
Colombia,COL,4,0.0809227884597807,2.557973086296243,0.24749582746802623
Colombia,COL,5,0.09461994274115075,2.557973086296243,0.24749582746802623
Colombia,COL,6,0.10925811895489264,2.557973086296243,0.24749582746802623
Colombia,COL,7,0.12461733670324968,2.557973086296243,0.24749582746802623
Colombia,COL,8,0.1405274850216164,2.557973086296243,0.24749582746802623
Colombia,COL,9,0.15670698212606718,2.557973086296243,0.24749582746802623
Colombia,COL,10,0.17294839603148263,2.557973086296243,0.24749582746802623
Colombia,COL,11,0.188854401044036,2.557973086296243,0.24749582746802623
Colombia,COL,12,0.20336273185305204,2.557973086296243,0.24749582746802623
Colombia,COL,13,0.21600784032561096,2.557973086296243,0.24749582746802623
Colombia,COL,14,0.22686808299150832,2.557973086296243,0.24749582746802623
Colombia,COL,15,0.2371537153878381,2.557973086296243,0.24749582746802623
Colombia,COL,16,0.24749582746802623,2.557973086296243,0.24749582746802623
Mexico,MEX,0,0.023652521991035416,2.630936895330268,0.28489477748589737
Mexico,MEX,1,0.0309922715915234,2.630936895330268,0.28489477748589737
Mexico,MEX,2,0.0397977323059932,2.630936895330268,0.28489477748589737
Mexico,MEX,3,0.05024297393296427,2.630936895330268,0.28489477748589737
Mexico,MEX,4,0.06250000998420432,2.630936895330268,0.28489477748589737
Mexico,MEX,5,0.07658864110574437,2.630936895330268,0.28489477748589737
Mexico,MEX,6,0.09242059062967463,2.630936895330268,0.28489477748589737
Mexico,MEX,7,0.10964445779768633,2.630936895330268,0.28489477748589737
Mexico,MEX,8,0.12787071002279904,2.630936895330268,0.28489477748589737
Mexico,MEX,9,0.1466872878616895,2.630936895330268,0.28489477748589737
Mexico,MEX,10,0.16561539385622134,2.630936895330268,0.28489477748589737
Mexico,MEX,11,0.18435777810985168,2.630936895330268,0.28489477748589737
Mexico,MEX,12,0.20269387035110617,2.630936895330268,0.28489477748589737
Mexico,MEX,13,0.22048546082497603,2.630936895330268,0.28489477748589737
Mexico,MEX,14,0.23756651572746396,2.630936895330268,0.28489477748589737
Mexico,MEX,15,0.25382666203220966,2.630936895330268,0.28489477748589737
Mexico,MEX,16,0.2694656028528327,2.630936895330268,0.28489477748589737
Mexico,MEX,17,0.28489477748589737,2.630936895330268,0.28489477748589737
Philippines,PHL,0,0.015034493379901469,3.1410591925385085,0.2566508519583975
Philippines,PHL,1,0.016726246720897845,3.1410591925385085,0.2566508519583975
Philippines,PHL,2,0.018584151489256233,3.1410591925385085,0.2566508519583975
Philippines,PHL,3,0.020780288960368726,3.1410591925385085,0.2566508519583975
Philippines,PHL,4,0.023434637944623325,3.1410591925385085,0.2566508519583975
Philippines,PHL,5,0.026745033220381003,3.1410591925385085,0.2566508519583975
Philippines,PHL,6,0.030855937621703095,3.1410591925385085,0.2566508519583975
Philippines,PHL,7,0.03560631997103649,3.1410591925385085,0.2566508519583975
Philippines,PHL,8,0.04077727854575966,3.1410591925385085,0.2566508519583975
Philippines,PHL,9,0.046232931361805694,3.1410591925385085,0.2566508519583975
Philippines,PHL,10,0.052078301200344276,3.1410591925385085,0.2566508519583975
Philippines,PHL,11,0.058210745656512144,3.1410591925385085,0.2566508519583975
Philippines,PHL,12,0.06443717715265708,3.1410591925385085,0.2566508519583975
Philippines,PHL,13,0.07054995482066065,3.1410591925385085,0.2566508519583975
Philippines,PHL,14,0.07660053096314973,3.1410591925385085,0.2566508519583975
Philippines,PHL,15,0.08283061148152582,3.1410591925385085,0.2566508519583975
Philippines,PHL,16,0.08944687567859395,3.1410591925385085,0.2566508519583975
Philippines,PHL,17,0.09638594265409277,3.1410591925385085,0.2566508519583975
Philippines,PHL,18,0.10351250342663315,3.1410591925385085,0.2566508519583975
Philippines,PHL,19,0.11067992394981109,3.1410591925385085,0.2566508519583975
Philippines,PHL,20,0.11789913500081545,3.1410591925385085,0.2566508519583975
Philippines,PHL,21,0.12596355050498875,3.1410591925385085,0.2566508519583975
Philippines,PHL,22,0.1357495835952268,3.1410591925385085,0.2566508519583975
Philippines,PHL,23,0.14762322083070395,3.1410591925385085,0.2566508519583975
Philippines,PHL,24,0.16163612213142933,3.1410591925385085,0.2566508519583975
Philippines,PHL,25,0.17761412272809954,3.1410591925385085,0.2566508519583975
Philippines,PHL,26,0.19468281804138415,3.1410591925385085,0.2566508519583975
Philippines,PHL,27,0.21180733460858223,3.1410591925385085,0.2566508519583975
Philippines,PHL,28,0.22799666112021724,3.1410591925385085,0.2566508519583975
Philippines,PHL,29,0.24271537642197852,3.1410591925385085,0.2566508519583975
Philippines,PHL,30,0.2566508519583975,3.1410591925385085,0.2566508519583975
Morocco,MAR,0,0.08848715688590827,3.49716942992086,0.1256674812179541
Morocco,MAR,1,0.10178444889397656,3.49716942992086,0.1256674812179541
Morocco,MAR,2,0.11371831385733662,3.49716942992086,0.1256674812179541
Morocco,MAR,3,0.12516668883583307,3.49716942992086,0.1256674812179541
Morocco,MAR,4,0.13661155468189592,3.49716942992086,0.1256674812179541
Morocco,MAR,5,0.14834264816043002,3.49716942992086,0.1256674812179541
Morocco,MAR,6,0.16054532015776965,3.49716942992086,0.1256674812179541
Morocco,MAR,7,0.17287176767504384,3.49716942992086,0.1256674812179541
Morocco,MAR,8,0.18465972353771085,3.49716942992086,0.1256674812179541
Morocco,MAR,9,0.19457469528095664,3.49716942992086,0.1256674812179541
Morocco,MAR,10,0.20128202225169076,3.49716942992086,0.1256674812179541
Morocco,MAR,11,0.203726377440438,3.49716942992086,0.1256674812179541
Morocco,MAR,12,0.2019457801131881,3.49716942992086,0.1256674812179541
Morocco,MAR,13,0.1968331825207187,3.49716942992086,0.1256674812179541
Morocco,MAR,14,0.18931914351607876,3.49716942992086,0.1256674812179541
Morocco,MAR,15,0.17982773195008717,3.49716942992086,0.1256674812179541
Morocco,MAR,16,0.16851934329425855,3.49716942992086,0.1256674812179541
Morocco,MAR,17,0.15551822705738935,3.49716942992086,0.1256674812179541
Morocco,MAR,18,0.14104096842533229,3.49716942992086,0.1256674812179541
Morocco,MAR,19,0.1256674812179541,3.49716942992086,0.1256674812179541
"Korea, South",KOR,0,0.03619484285844433,4.3017726035333474,0.07219460913814144
"Korea, South",KOR,1,0.0404794880435497,4.3017726035333474,0.07219460913814144
"Korea, South",KOR,2,0.0450282649878951,4.3017726035333474,0.07219460913814144
"Korea, South",KOR,3,0.04998895766780279,4.3017726035333474,0.07219460913814144
"Korea, South",KOR,4,0.05528291640775478,4.3017726035333474,0.07219460913814144
"Korea, South",KOR,5,0.06050020874626315,4.3017726035333474,0.07219460913814144
"Korea, South",KOR,6,0.0651246053417474,4.3017726035333474,0.07219460913814144
"Korea, South",KOR,7,0.06865307771095495,4.3017726035333474,0.07219460913814144
"Korea, South",KOR,8,0.07113115651329048,4.3017726035333474,0.07219460913814144
"Korea, South",KOR,9,0.07274844587322601,4.3017726035333474,0.07219460913814144
"Korea, South",KOR,10,0.07367351503686552,4.3017726035333474,0.07219460913814144
"Korea, South",KOR,11,0.07401072747312942,4.3017726035333474,0.07219460913814144
"Korea, South",KOR,12,0.07386411930947134,4.3017726035333474,0.07219460913814144
"Korea, South",KOR,13,0.07342521961447397,4.3017726035333474,0.07219460913814144
"Korea, South",KOR,14,0.07300465111287342,4.3017726035333474,0.07219460913814144
"Korea, South",KOR,15,0.07283949520233335,4.3017726035333474,0.07219460913814144
"Korea, South",KOR,16,0.07287270530028457,4.3017726035333474,0.07219460913814144
"Korea, South",KOR,17,0.07334035469888152,4.3017726035333474,0.07219460913814144
"Korea, South",KOR,18,0.07449277662493495,4.3017726035333474,0.07219460913814144
"Korea, South",KOR,19,0.07656977849119138,4.3017726035333474,0.07219460913814144
"Korea, South",KOR,20,0.07977627716895645,4.3017726035333474,0.07219460913814144
"Korea, South",KOR,21,0.08399996766599614,4.3017726035333474,0.07219460913814144
"Korea, South",KOR,22,0.08898787814142116,4.3017726035333474,0.07219460913814144
"Korea, South",KOR,23,0.09428703509572457,4.3017726035333474,0.07219460913814144
"Korea, South",KOR,24,0.09952046421204107,4.3017726035333474,0.07219460913814144
"Korea, South",KOR,25,0.10429917746592453,4.3017726035333474,0.07219460913814144
"Korea, South",KOR,26,0.10818290816275852,4.3017726035333474,0.07219460913814144
"Korea, South",KOR,27,0.11121047893014041,4.3017726035333474,0.07219460913814144
"Korea, South",KOR,28,0.11346158850316203,4.3017726035333474,0.07219460913814144
"Korea, South",KOR,29,0.11471947496766269,4.3017726035333474,0.07219460913814144
"Korea, South",KOR,30,0.11493602815908169,4.3017726035333474,0.07219460913814144
"Korea, South",KOR,31,0.1141114136373667,4.3017726035333474,0.07219460913814144
"Korea, South",KOR,32,0.11221769445295691,4.3017726035333474,0.07219460913814144
"Korea, South",KOR,33,0.1093870596987467,4.3017726035333474,0.07219460913814144
"Korea, South",KOR,34,0.10589186163464581,4.3017726035333474,0.07219460913814144
"Korea, South",KOR,35,0.10210884918723914,4.3017726035333474,0.07219460913814144
"Korea, South",KOR,36,0.09863271448130602,4.3017726035333474,0.07219460913814144
"Korea, South",KOR,37,0.09574803694121285,4.3017726035333474,0.07219460913814144
"Korea, South",KOR,38,0.09358699919520935,4.3017726035333474,0.07219460913814144
"Korea, South",KOR,39,0.09204520469174768,4.3017726035333474,0.07219460913814144
"Korea, South",KOR,40,0.09089949810199628,4.3017726035333474,0.07219460913814144
"Korea, South",KOR,41,0.08989992695504233,4.3017726035333474,0.07219460913814144
"Korea, South",KOR,42,0.0887485952408203,4.3017726035333474,0.07219460913814144
"Korea, South",KOR,43,0.08711933399453374,4.3017726035333474,0.07219460913814144
"Korea, South",KOR,44,0.08480993508935589,4.3017726035333474,0.07219460913814144
"Korea, South",KOR,45,0.0821058426532311,4.3017726035333474,0.07219460913814144
"Korea, South",KOR,46,0.07931854898387371,4.3017726035333474,0.07219460913814144
"Korea, South",KOR,47,0.07670442985679377,4.3017726035333474,0.07219460913814144
"Korea, South",KOR,48,0.074361123866159215,4.3017726035333474,0.07219460913814144
"Korea, South",KOR,49,0.07219460913814144,4.3017726035333474,0.07219460913814144
Poland,POL,0,0.04108718305092632,6.925654546771209,0.5180980561978459
Poland,POL,1,0.053562378475028816,6.925654546771209,0.5180980561978459
Poland,POL,2,0.06898618211479844,6.925654546771209,0.5180980561978459
Poland,POL,3,0.08797855686998851,6.925654546771209,0.5180980561978459
Poland,POL,4,0.11114545481926508,6.925654546771209,0.5180980561978459
Poland,POL,5,0.13845852670304354,6.925654546771209,0.5180980561978459
Poland,POL,6,0.1692890807978555,6.925654546771209,0.5180980561978459
Poland,POL,7,0.20295076448657653,6.925654546771209,0.5180980561978459
Poland,POL,8,0.23880028743725532,6.925654546771209,0.5180980561978459
Poland,POL,9,0.2754952872850022,6.925654546771209,0.5180980561978459
Poland,POL,10,0.31171269114242056,6.925654546771209,0.5180980561978459
Poland,POL,11,0.34689967154229484,6.925654546771209,0.5180980561978459
Poland,POL,12,0.3804556901188359,6.925654546771209,0.5180980561978459
Poland,POL,13,0.41155071295781337,6.925654546771209,0.5180980561978459
Poland,POL,14,0.4387718186307423,6.925654546771209,0.5180980561978459
Poland,POL,15,0.4608558798642459,6.925654546771209,0.5180980561978459
Poland,POL,16,0.47735691482928483,6.925654546771209,0.5180980561978459
Poland,POL,17,0.49028045562799616,6.925654546771209,0.5180980561978459
Poland,POL,18,0.5003629725568177,6.925654546771209,0.5180980561978459
Poland,POL,19,0.5078782008386029,6.925654546771209,0.5180980561978459
Poland,POL,20,0.5133977580581532,6.925654546771209,0.5180980561978459
Poland,POL,21,0.5180980561978459,6.925654546771209,0.5180980561978459
Peru,PER,0,0.09839078055845332,7.189914013630076,0.5779616578822445
Peru,PER,1,0.12282854557382256,7.189914013630076,0.5779616578822445
Peru,PER,2,0.15052490922584105,7.189914013630076,0.5779616578822445
Peru,PER,3,0.1809220414070149,7.189914013630076,0.5779616578822445
Peru,PER,4,0.21333020807624792,7.189914013630076,0.5779616578822445
Peru,PER,5,0.24672041206728215,7.189914013630076,0.5779616578822445
Peru,PER,6,0.2799759665662543,7.189914013630076,0.5779616578822445
Peru,PER,7,0.31233267964682104,7.189914013630076,0.5779616578822445
Peru,PER,8,0.344293878696918,7.189914013630076,0.5779616578822445
Peru,PER,9,0.37613404958356067,7.189914013630076,0.5779616578822445
Peru,PER,10,0.4079007110085164,7.189914013630076,0.5779616578822445
Peru,PER,11,0.43917695722727484,7.189914013630076,0.5779616578822445
Peru,PER,12,0.4689098067909529,7.189914013630076,0.5779616578822445
Peru,PER,13,0.4957266283711797,7.189914013630076,0.5779616578822445
Peru,PER,14,0.518057090734222,7.189914013630076,0.5779616578822445
Peru,PER,15,0.5362549328459852,7.189914013630076,0.5779616578822445
Peru,PER,16,0.5514013117651426,7.189914013630076,0.5779616578822445
Peru,PER,17,0.5650917145890582,7.189914013630076,0.5779616578822445
Peru,PER,18,0.5779616578822445,7.189914013630076,0.5779616578822445
Brazil,BRA,0,0.017972216639198894,7.313719760591399,0.6903287214997892
Brazil,BRA,1,0.024195612183667257,7.313719760591399,0.6903287214997892
Brazil,BRA,2,0.03160506931105717,7.313719760591399,0.6903287214997892
Brazil,BRA,3,0.0403694440213943,7.313719760591399,0.6903287214997892
Brazil,BRA,4,0.050687858270567945,7.313719760591399,0.6903287214997892
Brazil,BRA,5,0.06284655249975936,7.313719760591399,0.6903287214997892
Brazil,BRA,6,0.07716607942144073,7.313719760591399,0.6903287214997892
Brazil,BRA,7,0.09398115888705921,7.313719760591399,0.6903287214997892
Brazil,BRA,8,0.11364571933854209,7.313719760591399,0.6903287214997892
Brazil,BRA,9,0.13637435014127233,7.313719760591399,0.6903287214997892
Brazil,BRA,10,0.16214236104033553,7.313719760591399,0.6903287214997892
Brazil,BRA,11,0.19078807325509847,7.313719760591399,0.6903287214997892
Brazil,BRA,12,0.22180467558902034,7.313719760591399,0.6903287214997892
Brazil,BRA,13,0.2545527007620602,7.313719760591399,0.6903287214997892
Brazil,BRA,14,0.28852009577124593,7.313719760591399,0.6903287214997892
Brazil,BRA,15,0.32369061767482254,7.313719760591399,0.6903287214997892
Brazil,BRA,16,0.3599345577017968,7.313719760591399,0.6903287214997892
Brazil,BRA,17,0.3968558844553708,7.313719760591399,0.6903287214997892
Brazil,BRA,18,0.43333571156481426,7.313719760591399,0.6903287214997892
Brazil,BRA,19,0.46840889877254727,7.313719760591399,0.6903287214997892
Brazil,BRA,20,0.5016166437212363,7.313719760591399,0.6903287214997892
Brazil,BRA,21,0.5342614555886885,7.313719760591399,0.6903287214997892
Brazil,BRA,22,0.5684338606160868,7.313719760591399,0.6903287214997892
Brazil,BRA,23,0.6059817373173829,7.313719760591399,0.6903287214997892
Brazil,BRA,24,0.6470908178409657,7.313719760591399,0.6903287214997892
Brazil,BRA,25,0.6903287214997892,7.313719760591399,0.6903287214997892
Algeria,DZA,0,0.028200794328830006,7.7199177833492225,0.42695863248989
Algeria,DZA,1,0.03138816027318598,7.7199177833492225,0.42695863248989
Algeria,DZA,2,0.0358591454599669,7.7199177833492225,0.42695863248989
Algeria,DZA,3,0.042699416126474,7.7199177833492225,0.42695863248989
Algeria,DZA,4,0.05304824394210599,7.7199177833492225,0.42695863248989
Algeria,DZA,5,0.06784023454787565,7.7199177833492225,0.42695863248989
Algeria,DZA,6,0.08783995520993505,7.7199177833492225,0.42695863248989
Algeria,DZA,7,0.11375471790588725,7.7199177833492225,0.42695863248989
Algeria,DZA,8,0.1461292101731083,7.7199177833492225,0.42695863248989
Algeria,DZA,9,0.18497942028462885,7.7199177833492225,0.42695863248989
Algeria,DZA,10,0.2292147631260464,7.7199177833492225,0.42695863248989
Algeria,DZA,11,0.27713820612695467,7.7199177833492225,0.42695863248989
Algeria,DZA,12,0.3256422258917574,7.7199177833492225,0.42695863248989
Algeria,DZA,13,0.37115089715497696,7.7199177833492225,0.42695863248989
Algeria,DZA,14,0.410428802787247,7.7199177833492225,0.42695863248989
Algeria,DZA,15,0.441941741692131,7.7199177833492225,0.42695863248989
Algeria,DZA,16,0.465389638208927,7.7199177833492225,0.42695863248989
Algeria,DZA,17,0.48093367938418685,7.7199177833492225,0.42695863248989
Algeria,DZA,18,0.4896704754850202,7.7199177833492225,0.42695863248989
Algeria,DZA,19,0.492754674761953,7.7199177833492225,0.42695863248989
Algeria,DZA,20,0.49097469594316584,7.7199177833492225,0.42695863248989
Algeria,DZA,21,0.48418058214150145,7.7199177833492225,0.42695863248989
Algeria,DZA,22,0.4732590455567253,7.7199177833492225,0.42695863248989
Algeria,DZA,23,0.4594051271047043,7.7199177833492225,0.42695863248989
Algeria,DZA,24,0.44366614307705177,7.7199177833492225,0.42695863248989
Algeria,DZA,25,0.42695863248989,7.7199177833492225,0.42695863248989
Greece,GRC,0,0.19886108487938953,9.411347252063647,0.19369266497296658
Greece,GRC,1,0.22451707307662647,9.411347252063647,0.19369266497296658
Greece,GRC,2,0.2493350337137631,9.411347252063647,0.19369266497296658
Greece,GRC,3,0.2741449934653136,9.411347252063647,0.19369266497296658
Greece,GRC,4,0.2993027745291321,9.411347252063647,0.19369266497296658
Greece,GRC,5,0.3246785584563001,9.411347252063647,0.19369266497296658
Greece,GRC,6,0.35000294220487815,9.411347252063647,0.19369266497296658
Greece,GRC,7,0.37459056236405947,9.411347252063647,0.19369266497296658
Greece,GRC,8,0.39685946633708685,9.411347252063647,0.19369266497296658
Greece,GRC,9,0.4155458833862045,9.411347252063647,0.19369266497296658
Greece,GRC,10,0.4299030227582782,9.411347252063647,0.19369266497296658
Greece,GRC,11,0.4404442793499499,9.411347252063647,0.19369266497296658
Greece,GRC,12,0.44709671345727864,9.411347252063647,0.19369266497296658
Greece,GRC,13,0.44893906084930885,9.411347252063647,0.19369266497296658
Greece,GRC,14,0.44346006122476067,9.411347252063647,0.19369266497296658
Greece,GRC,15,0.430907813854183,9.411347252063647,0.19369266497296658
Greece,GRC,16,0.41249764485030926,9.411347252063647,0.19369266497296658
Greece,GRC,17,0.3899540003248718,9.411347252063647,0.19369266497296658
Greece,GRC,18,0.3651568381104513,9.411347252063647,0.19369266497296658
Greece,GRC,19,0.3394612669978967,9.411347252063647,0.19369266497296658
Greece,GRC,20,0.31237451658599624,9.411347252063647,0.19369266497296658
Greece,GRC,21,0.2839979622156738,9.411347252063647,0.19369266497296658
Greece,GRC,22,0.2546267180050784,9.411347252063647,0.19369266497296658
Greece,GRC,23,0.2243426065642417,9.411347252063647,0.19369266497296658
Greece,GRC,24,0.19369266497296658,9.411347252063647,0.19369266497296658
Hungary,HUN,0,0.09597089685249718,12.48009833499121,1.306767735224691
Hungary,HUN,1,0.1033288511344918,12.48009833499121,1.306767735224691
Hungary,HUN,2,0.11567163261107569,12.48009833499121,1.306767735224691
Hungary,HUN,3,0.13436995240209304,12.48009833499121,1.306767735224691
Hungary,HUN,4,0.15988064936411248,12.48009833499121,1.306767735224691
Hungary,HUN,5,0.19250895052412695,12.48009833499121,1.306767735224691
Hungary,HUN,6,0.23258498056175664,12.48009833499121,1.306767735224691
Hungary,HUN,7,0.28043162412146194,12.48009833499121,1.306767735224691
Hungary,HUN,8,0.3361438622732413,12.48009833499121,1.306767735224691
Hungary,HUN,9,0.39949615796813714,12.48009833499121,1.306767735224691
Hungary,HUN,10,0.4695025414579626,12.48009833499121,1.306767735224691
Hungary,HUN,11,0.5460387097193027,12.48009833499121,1.306767735224691
Hungary,HUN,12,0.6288459079476298,12.48009833499121,1.306767735224691
Hungary,HUN,13,0.7158526863760487,12.48009833499121,1.306767735224691
Hungary,HUN,14,0.8039606917031521,12.48009833499121,1.306767735224691
Hungary,HUN,15,0.8905639601032475,12.48009833499121,1.306767735224691
Hungary,HUN,16,0.9756020824173283,12.48009833499121,1.306767735224691
Hungary,HUN,17,1.0595161068416872,12.48009833499121,1.306767735224691
Hungary,HUN,18,1.1425911868308456,12.48009833499121,1.306767735224691
Hungary,HUN,19,1.2248129648420785,12.48009833499121,1.306767735224691
Hungary,HUN,20,1.306767735224691,12.48009833499121,1.306767735224691
Israel,ISR,0,0.2658449522331334,13.846985184851624,0.9432390298455098
Israel,ISR,1,0.3108285157324116,13.846985184851624,0.9432390298455098
Israel,ISR,2,0.3605999034999774,13.846985184851624,0.9432390298455098
Israel,ISR,3,0.4151665204502502,13.846985184851624,0.9432390298455098
Israel,ISR,4,0.4735567665725721,13.846985184851624,0.9432390298455098
Israel,ISR,5,0.5328644296253074,13.846985184851624,0.9432390298455098
Israel,ISR,6,0.5901136552198853,13.846985184851624,0.9432390298455098
Israel,ISR,7,0.6434603284636763,13.846985184851624,0.9432390298455098
Israel,ISR,8,0.6945556318016116,13.846985184851624,0.9432390298455098
Israel,ISR,9,0.743711888233017,13.846985184851624,0.9432390298455098
Israel,ISR,10,0.7901083330979984,13.846985184851624,0.9432390298455098
Israel,ISR,11,0.8310807506222148,13.846985184851624,0.9432390298455098
Israel,ISR,12,0.8647367003418075,13.846985184851624,0.9432390298455098
Israel,ISR,13,0.8895739574278283,13.846985184851624,0.9432390298455098
Israel,ISR,14,0.905294559814846,13.846985184851624,0.9432390298455098
Israel,ISR,15,0.9154949143242077,13.846985184851624,0.9432390298455098
Israel,ISR,16,0.924337387382566,13.846985184851624,0.9432390298455098
Israel,ISR,17,0.9338289774526481,13.846985184851624,0.9432390298455098
Israel,ISR,18,0.9432390298455098,13.846985184851624,0.9432390298455098
Czechia,CZE,0,0.3617423696835606,15.145916322293058,1.0935690993865812
Czechia,CZE,1,0.42601798599529805,15.145916322293058,1.0935690993865812
Czechia,CZE,2,0.4907092176711804,15.145916322293058,1.0935690993865812
Czechia,CZE,3,0.5527466104888767,15.145916322293058,1.0935690993865812
Czechia,CZE,4,0.6104517848001394,15.145916322293058,1.0935690993865812
Czechia,CZE,5,0.6640496510803738,15.145916322293058,1.0935690993865812
Czechia,CZE,6,0.7141218884171481,15.145916322293058,1.0935690993865812
Czechia,CZE,7,0.7609519204924887,15.145916322293058,1.0935690993865812
Czechia,CZE,8,0.8045007061043772,15.145916322293058,1.0935690993865812
Czechia,CZE,9,0.8443719813263842,15.145916322293058,1.0935690993865812
Czechia,CZE,10,0.8793982569911493,15.145916322293058,1.0935690993865812
Czechia,CZE,11,0.9096938797031172,15.145916322293058,1.0935690993865812
Czechia,CZE,12,0.9361245245823377,15.145916322293058,1.0935690993865812
Czechia,CZE,13,0.9610420393000537,15.145916322293058,1.0935690993865812
Czechia,CZE,14,0.9873716023263588,15.145916322293058,1.0935690993865812
Czechia,CZE,15,1.017878386521531,15.145916322293058,1.0935690993865812
Czechia,CZE,16,1.0538122590877963,15.145916322293058,1.0935690993865812
Czechia,CZE,17,1.0935690993865812,15.145916322293058,1.0935690993865812
Turkey,TUR,0,0.08729856788937944,17.043303012046056,1.2912763581980533
Turkey,TUR,1,0.11457711778874216,17.043303012046056,1.2912763581980533
Turkey,TUR,2,0.1468997663876976,17.043303012046056,1.2912763581980533
Turkey,TUR,3,0.18550086968567397,17.043303012046056,1.2912763581980533
Turkey,TUR,4,0.23113786282354884,17.043303012046056,1.2912763581980533
Turkey,TUR,5,0.28435502635814225,17.043303012046056,1.2912763581980533
Turkey,TUR,6,0.3453964757029901,17.043303012046056,1.2912763581980533
Turkey,TUR,7,0.4138497272387053,17.043303012046056,1.2912763581980533
Turkey,TUR,8,0.4878030450343518,17.043303012046056,1.2912763581980533
Turkey,TUR,9,0.5647413751758974,17.043303012046056,1.2912763581980533
Turkey,TUR,10,0.6413506176873681,17.043303012046056,1.2912763581980533
Turkey,TUR,11,0.7147695740687731,17.043303012046056,1.2912763581980533
Turkey,TUR,12,0.782766654342146,17.043303012046056,1.2912763581980533
Turkey,TUR,13,0.8450486912420445,17.043303012046056,1.2912763581980533
Turkey,TUR,14,0.9022427324886484,17.043303012046056,1.2912763581980533
Turkey,TUR,15,0.955187625714527,17.043303012046056,1.2912763581980533
Turkey,TUR,16,1.0049253367292692,17.043303012046056,1.2912763581980533
Turkey,TUR,17,1.0518757425946261,17.043303012046056,1.2912763581980533
Turkey,TUR,18,1.0961860651485211,17.043303012046056,1.2912763581980533
Turkey,TUR,19,1.1378142942616578,17.043303012046056,1.2912763581980533
Turkey,TUR,20,1.1773598471248645,17.043303012046056,1.2912763581980533
Turkey,TUR,21,1.2156418473427328,17.043303012046056,1.2912763581980533
Turkey,TUR,22,1.2534950846318489,17.043303012046056,1.2912763581980533
Turkey,TUR,23,1.2912763581980533,17.043303012046056,1.2912763581980533
Dominican Republic,DOM,0,0.3300366848440352,17.220020579336072,1.2233827285840233
Dominican Republic,DOM,1,0.38989839068355703,17.220020579336072,1.2233827285840233
Dominican Republic,DOM,2,0.44685262504926393,17.220020579336072,1.2233827285840233
Dominican Republic,DOM,3,0.4962485056478168,17.220020579336072,1.2233827285840233
Dominican Republic,DOM,4,0.5357980302882559,17.220020579336072,1.2233827285840233
Dominican Republic,DOM,5,0.5673669501589994,17.220020579336072,1.2233827285840233
Dominican Republic,DOM,6,0.5938848241699185,17.220020579336072,1.2233827285840233
Dominican Republic,DOM,7,0.6189533377298423,17.220020579336072,1.2233827285840233
Dominican Republic,DOM,8,0.6466856235184435,17.220020579336072,1.2233827285840233
Dominican Republic,DOM,9,0.6809852515859863,17.220020579336072,1.2233827285840233
Dominican Republic,DOM,10,0.7239081167222591,17.220020579336072,1.2233827285840233
Dominican Republic,DOM,11,0.7746365147007085,17.220020579336072,1.2233827285840233
Dominican Republic,DOM,12,0.8316550400672037,17.220020579336072,1.2233827285840233
Dominican Republic,DOM,13,0.8930603394566918,17.220020579336072,1.2233827285840233
Dominican Republic,DOM,14,0.9562160654691868,17.220020579336072,1.2233827285840233
Dominican Republic,DOM,15,1.0186424010216548,17.220020579336072,1.2233827285840233
Dominican Republic,DOM,16,1.0785946251876986,17.220020579336072,1.2233827285840233
Dominican Republic,DOM,17,1.1323764186843503,17.220020579336072,1.2233827285840233
Dominican Republic,DOM,18,1.1752128858527038,17.220020579336072,1.2233827285840233
Dominican Republic,DOM,19,1.203178545278727,17.220020579336072,1.2233827285840233
Dominican Republic,DOM,20,1.2233827285840233,17.220020579336072,1.2233827285840233
Romania,ROU,0,0.23033842087877762,18.0313051197348,1.0973598486331684
Romania,ROU,1,0.2881198249059385,18.0313051197348,1.0973598486331684
Romania,ROU,2,0.351020507500205,18.0313051197348,1.0973598486331684
Romania,ROU,3,0.4185438577196487,18.0313051197348,1.0973598486331684
Romania,ROU,4,0.48965768898773593,18.0313051197348,1.0973598486331684
Romania,ROU,5,0.5619906483355046,18.0313051197348,1.0973598486331684
Romania,ROU,6,0.6321705906010648,18.0313051197348,1.0973598486331684
Romania,ROU,7,0.6971979637312846,18.0313051197348,1.0973598486331684
Romania,ROU,8,0.7563690613657094,18.0313051197348,1.0973598486331684
Romania,ROU,9,0.8098449865978773,18.0313051197348,1.0973598486331684
Romania,ROU,10,0.8582191986134383,18.0313051197348,1.0973598486331684
Romania,ROU,11,0.9034506293741456,18.0313051197348,1.0973598486331684
Romania,ROU,12,0.9476381526877908,18.0313051197348,1.0973598486331684
Romania,ROU,13,0.9915360304350009,18.0313051197348,1.0973598486331684
Romania,ROU,14,1.0313059990055253,18.0313051197348,1.0973598486331684
Romania,ROU,15,1.064103166341095,18.0313051197348,1.0973598486331684
Romania,ROU,16,1.0878568818178052,18.0313051197348,1.0973598486331684
Romania,ROU,17,1.1018242699951373,18.0313051197348,1.0973598486331684
Romania,ROU,18,1.107525946349463,18.0313051197348,1.0973598486331684
Romania,ROU,19,1.107084759353256,18.0313051197348,1.0973598486331684
Romania,ROU,20,1.1029238032154076,18.0313051197348,1.0973598486331684
Romania,ROU,21,1.0973598486331684,18.0313051197348,1.0973598486331684
Ecuador,ECU,0,0.19314228483743362,21.59870576340684,1.1689938752788478
Ecuador,ECU,1,0.23552530305446887,21.59870576340684,1.1689938752788478
Ecuador,ECU,2,0.28210285266902485,21.59870576340684,1.1689938752788478
Ecuador,ECU,3,0.334562233517446,21.59870576340684,1.1689938752788478
Ecuador,ECU,4,0.39486730760861516,21.59870576340684,1.1689938752788478
Ecuador,ECU,5,0.46461309620707447,21.59870576340684,1.1689938752788478
Ecuador,ECU,6,0.5435955828583354,21.59870576340684,1.1689938752788478
Ecuador,ECU,7,0.6299275359815668,21.59870576340684,1.1689938752788478
Ecuador,ECU,8,0.7220143572860499,21.59870576340684,1.1689938752788478
Ecuador,ECU,9,0.8174431263014256,21.59870576340684,1.1689938752788478
Ecuador,ECU,10,0.9101353681233165,21.59870576340684,1.1689938752788478
Ecuador,ECU,11,0.9941225412357467,21.59870576340684,1.1689938752788478
Ecuador,ECU,12,1.064576508432477,21.59870576340684,1.1689938752788478
Ecuador,ECU,13,1.121082865856722,21.59870576340684,1.1689938752788478
Ecuador,ECU,14,1.1678813663911252,21.59870576340684,1.1689938752788478
Ecuador,ECU,15,1.210091578655507,21.59870576340684,1.1689938752788478
Ecuador,ECU,16,1.2502453730873162,21.59870576340684,1.1689938752788478
Ecuador,ECU,17,1.2815294849451073,21.59870576340684,1.1689938752788478
Ecuador,ECU,18,1.2959331703707029,21.59870576340684,1.1689938752788478
Ecuador,ECU,19,1.2912398293013772,21.59870576340684,1.1689938752788478
Ecuador,ECU,20,1.2715787810739425,21.59870576340684,1.1689938752788478
Ecuador,ECU,21,1.2421527622024868,21.59870576340684,1.1689938752788478
Ecuador,ECU,22,1.2070006142700236,21.59870576340684,1.1689938752788478
Ecuador,ECU,23,1.1689938752788478,21.59870576340684,1.1689938752788478
Canada,CAN,0,0.05297893211888824,24.259423092569126,2.527785162407463
Canada,CAN,1,0.06328921398430805,24.259423092569126,2.527785162407463
Canada,CAN,2,0.07610561608003547,24.259423092569126,2.527785162407463
Canada,CAN,3,0.0928961001321361,24.259423092569126,2.527785162407463
Canada,CAN,4,0.11530071953566573,24.259423092569126,2.527785162407463
Canada,CAN,5,0.14483789996953747,24.259423092569126,2.527785162407463
Canada,CAN,6,0.18241931626459856,24.259423092569126,2.527785162407463
Canada,CAN,7,0.22877991313972998,24.259423092569126,2.527785162407463
Canada,CAN,8,0.28501059304670073,24.259423092569126,2.527785162407463
Canada,CAN,9,0.3535053462214918,24.259423092569126,2.527785162407463
Canada,CAN,10,0.4352409976310431,24.259423092569126,2.527785162407463
Canada,CAN,11,0.5305920900953506,24.259423092569126,2.527785162407463
Canada,CAN,12,0.6390910299954471,24.259423092569126,2.527785162407463
Canada,CAN,13,0.7589411229001063,24.259423092569126,2.527785162407463
Canada,CAN,14,0.8876583895475533,24.259423092569126,2.527785162407463
Canada,CAN,15,1.0216479143097745,24.259423092569126,2.527785162407463
Canada,CAN,16,1.1587060417420458,24.259423092569126,2.527785162407463
Canada,CAN,17,1.2971866297472594,24.259423092569126,2.527785162407463
Canada,CAN,18,1.4366312147003304,24.259423092569126,2.527785162407463
Canada,CAN,19,1.5796453237492896,24.259423092569126,2.527785162407463
Canada,CAN,20,1.7281984778088326,24.259423092569126,2.527785162407463
Canada,CAN,21,1.879719091827675,24.259423092569126,2.527785162407463
Canada,CAN,22,2.0340795350110117,24.259423092569126,2.527785162407463
Canada,CAN,23,2.192661690466412,24.259423092569126,2.527785162407463
Canada,CAN,24,2.357858975967397,24.259423092569126,2.527785162407463
Canada,CAN,25,2.527785162407463,24.259423092569126,2.527785162407463
Norway,NOR,0,0.3073779653706801,26.167582469301095,1.2090217064688034
Norway,NOR,1,0.3718258843346963,26.167582469301095,1.2090217064688034
Norway,NOR,2,0.4462303583619944,26.167582469301095,1.2090217064688034
Norway,NOR,3,0.5307119112388267,26.167582469301095,1.2090217064688034
Norway,NOR,4,0.6245125929647127,26.167582469301095,1.2090217064688034
Norway,NOR,5,0.7239400228200189,26.167582469301095,1.2090217064688034
Norway,NOR,6,0.8267625423200826,26.167582469301095,1.2090217064688034
Norway,NOR,7,0.9295656553895257,26.167582469301095,1.2090217064688034
Norway,NOR,8,1.028638968279012,26.167582469301095,1.2090217064688034
Norway,NOR,9,1.1213342527726247,26.167582469301095,1.2090217064688034
Norway,NOR,10,1.2065868676690559,26.167582469301095,1.2090217064688034
Norway,NOR,11,1.2836229027291326,26.167582469301095,1.2090217064688034
Norway,NOR,12,1.3513185009628905,26.167582469301095,1.2090217064688034
Norway,NOR,13,1.4080612364702052,26.167582469301095,1.2090217064688034
Norway,NOR,14,1.4513582093660844,26.167582469301095,1.2090217064688034
Norway,NOR,15,1.476173856327348,26.167582469301095,1.2090217064688034
Norway,NOR,16,1.4789047411611944,26.167582469301095,1.2090217064688034
Norway,NOR,17,1.458802858079975,26.167582469301095,1.2090217064688034
Norway,NOR,18,1.42327505386371,26.167582469301095,1.2090217064688034
Norway,NOR,19,1.3777873014455362,26.167582469301095,1.2090217064688034
Norway,NOR,20,1.325959009365203,26.167582469301095,1.2090217064688034
Norway,NOR,21,1.2688449796807266,26.167582469301095,1.2090217064688034
Norway,NOR,22,1.2090217064688034,26.167582469301095,1.2090217064688034
Germany,DEU,0,0.025388731716478666,39.731848859467966,1.8343109997448677
Germany,DEU,1,0.04288975052332307,39.731848859467966,1.8343109997448677
Germany,DEU,2,0.06676269577537897,39.731848859467966,1.8343109997448677
Germany,DEU,3,0.09832445387528824,39.731848859467966,1.8343109997448677
Germany,DEU,4,0.13902757751264738,39.731848859467966,1.8343109997448677
Germany,DEU,5,0.19021326249697998,39.731848859467966,1.8343109997448677
Germany,DEU,6,0.25344838598834624,39.731848859467966,1.8343109997448677
Germany,DEU,7,0.33103994992518576,39.731848859467966,1.8343109997448677
Germany,DEU,8,0.4242891412941497,39.731848859467966,1.8343109997448677
Germany,DEU,9,0.5338753284269233,39.731848859467966,1.8343109997448677
Germany,DEU,10,0.6590851282856,39.731848859467966,1.8343109997448677
Germany,DEU,11,0.7981980475928339,39.731848859467966,1.8343109997448677
Germany,DEU,12,0.9491342695282986,39.731848859467966,1.8343109997448677
Germany,DEU,13,1.1090837299217633,39.731848859467966,1.8343109997448677
Germany,DEU,14,1.2749657873894782,39.731848859467966,1.8343109997448677
Germany,DEU,15,1.4432889913310722,39.731848859467966,1.8343109997448677
Germany,DEU,16,1.6102672621003193,39.731848859467966,1.8343109997448677
Germany,DEU,17,1.7712786938181466,39.731848859467966,1.8343109997448677
Germany,DEU,18,1.921221240805288,39.731848859467966,1.8343109997448677
Germany,DEU,19,2.055431508813512,39.731848859467966,1.8343109997448677
Germany,DEU,20,2.1711182724500246,39.731848859467966,1.8343109997448677
Germany,DEU,21,2.2653144773104406,39.731848859467966,1.8343109997448677
Germany,DEU,22,2.3338663240747435,39.731848859467966,1.8343109997448677
Germany,DEU,23,2.369282653565599,39.731848859467966,1.8343109997448677
Germany,DEU,24,2.3659485560089686,39.731848859467966,1.8343109997448677
Germany,DEU,25,2.321603780372972,39.731848859467966,1.8343109997448677
Germany,DEU,26,2.245308324559818,39.731848859467966,1.8343109997448677
Germany,DEU,27,2.1519256585460926,39.731848859467966,1.8343109997448677
Germany,DEU,28,2.0530471724006567,39.731848859467966,1.8343109997448677
Germany,DEU,29,1.9462852389143046,39.731848859467966,1.8343109997448677
Germany,DEU,30,1.8343109997448677,39.731848859467966,1.8343109997448677
Austria,AUT,0,0.5774090754505077,43.43635403388556,2.0006318661159006
Austria,AUT,1,0.7132178143314004,43.43635403388556,2.0006318661159006
Austria,AUT,2,0.858848138505547,43.43635403388556,2.0006318661159006
Austria,AUT,3,1.012507312899066,43.43635403388556,2.0006318661159006
Austria,AUT,4,1.1685830670993531,43.43635403388556,2.0006318661159006
Austria,AUT,5,1.3210414488942734,43.43635403388556,2.0006318661159006
Austria,AUT,6,1.466107625124414,43.43635403388556,2.0006318661159006
Austria,AUT,7,1.5993633425020601,43.43635403388556,2.0006318661159006
Austria,AUT,8,1.715765662535432,43.43635403388556,2.0006318661159006
Austria,AUT,9,1.8117381063032079,43.43635403388556,2.0006318661159006
Austria,AUT,10,1.8905411269395322,43.43635403388556,2.0006318661159006
Austria,AUT,11,1.959570616218177,43.43635403388556,2.0006318661159006
Austria,AUT,12,2.026181480679721,43.43635403388556,2.0006318661159006
Austria,AUT,13,2.093567373202874,43.43635403388556,2.0006318661159006
Austria,AUT,14,2.1585965330198738,43.43635403388556,2.0006318661159006
Austria,AUT,15,2.2163669454212647,43.43635403388556,2.0006318661159006
Austria,AUT,16,2.260339852065208,43.43635403388556,2.0006318661159006
Austria,AUT,17,2.2828429282816627,43.43635403388556,2.0006318661159006
Austria,AUT,18,2.2778210163518344,43.43635403388556,2.0006318661159006
Austria,AUT,19,2.247138023706936,43.43635403388556,2.0006318661159006
Austria,AUT,20,2.1971790924291126,43.43635403388556,2.0006318661159006
Austria,AUT,21,2.1352961096588405,43.43635403388556,2.0006318661159006
Austria,AUT,22,2.0688161663283884,43.43635403388556,2.0006318661159006
Austria,AUT,23,2.0006318661159006,43.43635403388556,2.0006318661159006
Denmark,DNK,0,0.6262181136588735,51.60835095611806,2.221298147147491
Denmark,DNK,1,0.7586529170987036,51.60835095611806,2.221298147147491
Denmark,DNK,2,0.8996429411503685,51.60835095611806,2.221298147147491
Denmark,DNK,3,1.0457346745422413,51.60835095611806,2.221298147147491
Denmark,DNK,4,1.1971868407430335,51.60835095611806,2.221298147147491
Denmark,DNK,5,1.3547244321226959,51.60835095611806,2.221298147147491
Denmark,DNK,6,1.5176992392675097,51.60835095611806,2.221298147147491
Denmark,DNK,7,1.6817031516763794,51.60835095611806,2.221298147147491
Denmark,DNK,8,1.8460845486106652,51.60835095611806,2.221298147147491
Denmark,DNK,9,2.0116130455788226,51.60835095611806,2.221298147147491
Denmark,DNK,10,2.176710797515738,51.60835095611806,2.221298147147491
Denmark,DNK,11,2.330708523124321,51.60835095611806,2.221298147147491
Denmark,DNK,12,2.4624615021678236,51.60835095611806,2.221298147147491
Denmark,DNK,13,2.56212196507691,51.60835095611806,2.221298147147491
Denmark,DNK,14,2.6246342896507717,51.60835095611806,2.221298147147491
Denmark,DNK,15,2.651846863624973,51.60835095611806,2.221298147147491
Denmark,DNK,16,2.649008250056553,51.60835095611806,2.221298147147491
Denmark,DNK,17,2.626700094241797,51.60835095611806,2.221298147147491
Denmark,DNK,18,2.588657632988755,51.60835095611806,2.221298147147491
Denmark,DNK,19,2.536923434124561,51.60835095611806,2.221298147147491
Denmark,DNK,20,2.475697740178859,51.60835095611806,2.221298147147491
Denmark,DNK,21,2.410482811012867,51.60835095611806,2.221298147147491
Denmark,DNK,22,2.3460139730797716,51.60835095611806,2.221298147147491
Denmark,DNK,23,2.2830875371675377,51.60835095611806,2.221298147147491
Denmark,DNK,24,2.221298147147491,51.60835095611806,2.221298147147491
Portugal,PRT,0,0.5188932024636643,55.13514333484185,3.220205760009409
Portugal,PRT,1,0.6676674051288488,55.13514333484185,3.220205760009409
Portugal,PRT,2,0.8321028470003081,55.13514333484185,3.220205760009409
Portugal,PRT,3,1.0088655700939166,55.13514333484185,3.220205760009409
Portugal,PRT,4,1.193047341431752,55.13514333484185,3.220205760009409
Portugal,PRT,5,1.3789274710343835,55.13514333484185,3.220205760009409
Portugal,PRT,6,1.5608053036419087,55.13514333484185,3.220205760009409
Portugal,PRT,7,1.7336215991812247,55.13514333484185,3.220205760009409
Portugal,PRT,8,1.8937248587382425,55.13514333484185,3.220205760009409
Portugal,PRT,9,2.040850662438786,55.13514333484185,3.220205760009409
Portugal,PRT,10,2.1754023173281354,55.13514333484185,3.220205760009409
Portugal,PRT,11,2.297174905541241,55.13514333484185,3.220205760009409
Portugal,PRT,12,2.405787019034224,55.13514333484185,3.220205760009409
Portugal,PRT,13,2.5010304466094606,55.13514333484185,3.220205760009409
Portugal,PRT,14,2.5842461823929654,55.13514333484185,3.220205760009409
Portugal,PRT,15,2.660276353306537,55.13514333484185,3.220205760009409
Portugal,PRT,16,2.7341923211778774,55.13514333484185,3.220205760009409
Portugal,PRT,17,2.807671423778928,55.13514333484185,3.220205760009409
Portugal,PRT,18,2.8778317049294673,55.13514333484185,3.220205760009409
Portugal,PRT,19,2.9422429791862332,55.13514333484185,3.220205760009409
Portugal,PRT,20,3.0033795281913145,55.13514333484185,3.220205760009409
Portugal,PRT,21,3.0617137891208865,55.13514333484185,3.220205760009409
Portugal,PRT,22,3.1169214591403076,55.13514333484185,3.220205760009409
Portugal,PRT,23,3.169241571625698,55.13514333484185,3.220205760009409
Portugal,PRT,24,3.220205760009409,55.13514333484185,3.220205760009409
Iran,IRN,0,0.026462451426305718,57.24920048857052,1.308084064557731
Iran,IRN,1,0.03317607581665222,57.24920048857052,1.308084064557731
Iran,IRN,2,0.04153442122115702,57.24920048857052,1.308084064557731
Iran,IRN,3,0.05209889241668708,57.24920048857052,1.308084064557731
Iran,IRN,4,0.06548384657030924,57.24920048857052,1.308084064557731
Iran,IRN,5,0.08251539265251624,57.24920048857052,1.308084064557731
Iran,IRN,6,0.10435996266025199,57.24920048857052,1.308084064557731
Iran,IRN,7,0.13234780981691846,57.24920048857052,1.308084064557731
Iran,IRN,8,0.16812669028131016,57.24920048857052,1.308084064557731
Iran,IRN,9,0.21330659385929768,57.24920048857052,1.308084064557731
Iran,IRN,10,0.2694374920903817,57.24920048857052,1.308084064557731
Iran,IRN,11,0.3376981926736868,57.24920048857052,1.308084064557731
Iran,IRN,12,0.4182145535953015,57.24920048857052,1.308084064557731
Iran,IRN,13,0.5105134020822168,57.24920048857052,1.308084064557731
Iran,IRN,14,0.6128349018659112,57.24920048857052,1.308084064557731
Iran,IRN,15,0.7234173890705629,57.24920048857052,1.308084064557731
Iran,IRN,16,0.8403868956534588,57.24920048857052,1.308084064557731
Iran,IRN,17,0.9610346491562812,57.24920048857052,1.308084064557731
Iran,IRN,18,1.0821641836976759,57.24920048857052,1.308084064557731
Iran,IRN,19,1.2000850411445056,57.24920048857052,1.308084064557731
Iran,IRN,20,1.3108663254976318,57.24920048857052,1.308084064557731
Iran,IRN,21,1.4103685536271238,57.24920048857052,1.308084064557731
Iran,IRN,22,1.4955385919143949,57.24920048857052,1.308084064557731
Iran,IRN,23,1.56395451860032,57.24920048857052,1.308084064557731
Iran,IRN,24,1.614997734479113,57.24920048857052,1.308084064557731
Iran,IRN,25,1.650348737842593,57.24920048857052,1.308084064557731
Iran,IRN,26,1.672696274318396,57.24920048857052,1.308084064557731
Iran,IRN,27,1.6863529144744878,57.24920048857052,1.308084064557731
Iran,IRN,28,1.6943958860399975,57.24920048857052,1.308084064557731
Iran,IRN,29,1.699134809329786,57.24920048857052,1.308084064557731
Iran,IRN,30,1.701344536153561,57.24920048857052,1.308084064557731
Iran,IRN,31,1.7006097592187515,57.24920048857052,1.308084064557731
Iran,IRN,32,1.6966472740168315,57.24920048857052,1.308084064557731
Iran,IRN,33,1.6907166803385265,57.24920048857052,1.308084064557731
Iran,IRN,34,1.684862740972314,57.24920048857052,1.308084064557731
Iran,IRN,35,1.6805698022900903,57.24920048857052,1.308084064557731
Iran,IRN,36,1.6785760234840725,57.24920048857052,1.308084064557731
Iran,IRN,37,1.6775073771514886,57.24920048857052,1.308084064557731
Iran,IRN,38,1.6760542291849758,57.24920048857052,1.308084064557731
Iran,IRN,39,1.6727334080092084,57.24920048857052,1.308084064557731
Iran,IRN,40,1.6649692365086926,57.24920048857052,1.308084064557731
Iran,IRN,41,1.6507888372033797,57.24920048857052,1.308084064557731
Iran,IRN,42,1.629011628938379,57.24920048857052,1.308084064557731
Iran,IRN,43,1.6006696555639417,57.24920048857052,1.308084064557731
Iran,IRN,44,1.567264720155478,57.24920048857052,1.308084064557731
Iran,IRN,45,1.530188894018874,57.24920048857052,1.308084064557731
Iran,IRN,46,1.4903247035798617,57.24920048857052,1.308084064557731
Iran,IRN,47,1.4478288841819595,57.24920048857052,1.308084064557731
Iran,IRN,48,1.4028185351504767,57.24920048857052,1.308084064557731
Iran,IRN,49,1.3559308180913834,57.24920048857052,1.308084064557731
Iran,IRN,50,1.308084064557731,57.24920048857052,1.308084064557731
US,USA,0,0.00406652293360317,78.93476157203823,6.156116467312763
US,USA,1,0.0031432484750012445,78.93476157203823,6.156116467312763
US,USA,2,0.0017826228997697066,78.93476157203823,6.156116467312763
US,USA,3,1.5968858500203764e-5,78.93476157203823,6.156116467312763
US,USA,4,-0.002104688069670567,78.93476157203823,6.156116467312763
US,USA,5,-0.004439445633844767,78.93476157203823,6.156116467312763
US,USA,6,-0.006725502965386076,78.93476157203823,6.156116467312763
US,USA,7,-0.008624848366470362,78.93476157203823,6.156116467312763
US,USA,8,-0.009577216897953197,78.93476157203823,6.156116467312763
US,USA,9,-0.008787883949237855,78.93476157203823,6.156116467312763
US,USA,10,-0.005153491526187259,78.93476157203823,6.156116467312763
US,USA,11,0.0025459337141508684,78.93476157203823,6.156116467312763
US,USA,12,0.015807226516866224,78.93476157203823,6.156116467312763
US,USA,13,0.036533807175318046,78.93476157203823,6.156116467312763
US,USA,14,0.06677026716915668,78.93476157203823,6.156116467312763
US,USA,15,0.10884695977772518,78.93476157203823,6.156116467312763
US,USA,16,0.16546919847570363,78.93476157203823,6.156116467312763
US,USA,17,0.2395297498549515,78.93476157203823,6.156116467312763
US,USA,18,0.33422868452085985,78.93476157203823,6.156116467312763
US,USA,19,0.45239757135689457,78.93476157203823,6.156116467312763
US,USA,20,0.5967380199543283,78.93476157203823,6.156116467312763
US,USA,21,0.7696555208252814,78.93476157203823,6.156116467312763
US,USA,22,0.9725391666469002,78.93476157203823,6.156116467312763
US,USA,23,1.206207303766853,78.93476157203823,6.156116467312763
US,USA,24,1.4703123519546337,78.93476157203823,6.156116467312763
US,USA,25,1.764015084392705,78.93476157203823,6.156116467312763
US,USA,26,2.0841094885773797,78.93476157203823,6.156116467312763
US,USA,27,2.42559972187302,78.93476157203823,6.156116467312763
US,USA,28,2.7793511116834475,78.93476157203823,6.156116467312763
US,USA,29,3.1372261732134077,78.93476157203823,6.156116467312763
US,USA,30,3.4920734426121602,78.93476157203823,6.156116467312763
US,USA,31,3.838923031973794,78.93476157203823,6.156116467312763
US,USA,32,4.174868624168443,78.93476157203823,6.156116467312763
US,USA,33,4.496503926364067,78.93476157203823,6.156116467312763
US,USA,34,4.796623465950628,78.93476157203823,6.156116467312763
US,USA,35,5.066397393897873,78.93476157203823,6.156116467312763
US,USA,36,5.299133065388772,78.93476157203823,6.156116467312763
US,USA,37,5.498163241699922,78.93476157203823,6.156116467312763
US,USA,38,5.672165919381001,78.93476157203823,6.156116467312763
US,USA,39,5.832174221121939,78.93476157203823,6.156116467312763
US,USA,40,5.992439724222015,78.93476157203823,6.156116467312763
US,USA,41,6.156116467312763,78.93476157203823,6.156116467312763
Ireland,IRL,0,1.2015531884677941,83.41364807535335,6.748048109977569
Ireland,IRL,1,1.47762376589075,83.41364807535335,6.748048109977569
Ireland,IRL,2,1.7693915092758588,83.41364807535335,6.748048109977569
Ireland,IRL,3,2.070066610574823,83.41364807535335,6.748048109977569
Ireland,IRL,4,2.378001882894454,83.41364807535335,6.748048109977569
Ireland,IRL,5,2.6920623023341377,83.41364807535335,6.748048109977569
Ireland,IRL,6,3.0080266771254993,83.41364807535335,6.748048109977569
Ireland,IRL,7,3.3247062112253243,83.41364807535335,6.748048109977569
Ireland,IRL,8,3.64094109732145,83.41364807535335,6.748048109977569
Ireland,IRL,9,3.9526161791622867,83.41364807535335,6.748048109977569
Ireland,IRL,10,4.258575824541455,83.41364807535335,6.748048109977569
Ireland,IRL,11,4.557312709330484,83.41364807535335,6.748048109977569
Ireland,IRL,12,4.8429589991653215,83.41364807535335,6.748048109977569
Ireland,IRL,13,5.112273642690967,83.41364807535335,6.748048109977569
Ireland,IRL,14,5.365979019474084,83.41364807535335,6.748048109977569
Ireland,IRL,15,5.615592867944168,83.41364807535335,6.748048109977569
Ireland,IRL,16,5.871230540428831,83.41364807535335,6.748048109977569
Ireland,IRL,17,6.142678539515418,83.41364807535335,6.748048109977569
Ireland,IRL,18,6.438144460203801,83.41364807535335,6.748048109977569
Ireland,IRL,19,6.748048109977569,83.41364807535335,6.748048109977569
Sweden,SWE,0,0.17668034520327452,101.52120633531639,5.932783680272055
Sweden,SWE,1,0.2503390169529939,101.52120633531639,5.932783680272055
Sweden,SWE,2,0.3469147041945753,101.52120633531639,5.932783680272055
Sweden,SWE,3,0.4707712825171487,101.52120633531639,5.932783680272055
Sweden,SWE,4,0.6266134060077042,101.52120633531639,5.932783680272055
Sweden,SWE,5,0.8171811644823448,101.52120633531639,5.932783680272055
Sweden,SWE,6,1.0430043490710665,101.52120633531639,5.932783680272055
Sweden,SWE,7,1.2995741486426668,101.52120633531639,5.932783680272055
Sweden,SWE,8,1.5871827877313025,101.52120633531639,5.932783680272055
Sweden,SWE,9,1.9087001510340451,101.52120633531639,5.932783680272055
Sweden,SWE,10,2.2724781309010167,101.52120633531639,5.932783680272055
Sweden,SWE,11,2.6888573055059153,101.52120633531639,5.932783680272055
Sweden,SWE,12,3.1477456029330932,101.52120633531639,5.932783680272055
Sweden,SWE,13,3.631244428170328,101.52120633531639,5.932783680272055
Sweden,SWE,14,4.114251453026855,101.52120633531639,5.932783680272055
Sweden,SWE,15,4.577189454033778,101.52120633531639,5.932783680272055
Sweden,SWE,16,5.0086611023140195,101.52120633531639,5.932783680272055
Sweden,SWE,17,5.417549177898748,101.52120633531639,5.932783680272055
Sweden,SWE,18,5.800462629641118,101.52120633531639,5.932783680272055
Sweden,SWE,19,6.1390501871880145,101.52120633531639,5.932783680272055
Sweden,SWE,20,6.3821417863465655,101.52120633531639,5.932783680272055
Sweden,SWE,21,6.502320042038266,101.52120633531639,5.932783680272055
Sweden,SWE,22,6.48948920054623,101.52120633531639,5.932783680272055
Sweden,SWE,23,6.373904538913122,101.52120633531639,5.932783680272055
Sweden,SWE,24,6.215230497092736,101.52120633531639,5.932783680272055
Sweden,SWE,25,6.074372114373401,101.52120633531639,5.932783680272055
Sweden,SWE,26,5.985282500795155,101.52120633531639,5.932783680272055
Sweden,SWE,27,5.932783680272055,101.52120633531639,5.932783680272055
Switzerland,CHE,0,0.24243002366709981,137.9030536834035,4.9381024018493225
Switzerland,CHE,1,0.3401514616860635,137.9030536834035,4.9381024018493225
Switzerland,CHE,2,0.463853541572202,137.9030536834035,4.9381024018493225
Switzerland,CHE,3,0.6195148658009247,137.9030536834035,4.9381024018493225
Switzerland,CHE,4,0.8083556301965455,137.9030536834035,4.9381024018493225
Switzerland,CHE,5,1.030561434149479,137.9030536834035,4.9381024018493225
Switzerland,CHE,6,1.2867816445843374,137.9030536834035,4.9381024018493225
Switzerland,CHE,7,1.5746436075538621,137.9030536834035,4.9381024018493225
Switzerland,CHE,8,1.8909138817233613,137.9030536834035,4.9381024018493225
Switzerland,CHE,9,2.233536914196437,137.9030536834035,4.9381024018493225
Switzerland,CHE,10,2.6055286656196763,137.9030536834035,4.9381024018493225
Switzerland,CHE,11,3.0115865205022727,137.9030536834035,4.9381024018493225
Switzerland,CHE,12,3.4540167437318945,137.9030536834035,4.9381024018493225
Switzerland,CHE,13,3.9194479295045377,137.9030536834035,4.9381024018493225
Switzerland,CHE,14,4.391418348376112,137.9030536834035,4.9381024018493225
Switzerland,CHE,15,4.858019805195848,137.9030536834035,4.9381024018493225
Switzerland,CHE,16,5.309006154195293,137.9030536834035,4.9381024018493225
Switzerland,CHE,17,5.724611344632621,137.9030536834035,4.9381024018493225
Switzerland,CHE,18,6.083022365313654,137.9030536834035,4.9381024018493225
Switzerland,CHE,19,6.368997587092096,137.9030536834035,4.9381024018493225
Switzerland,CHE,20,6.585474627092489,137.9030536834035,4.9381024018493225
Switzerland,CHE,21,6.737720487809239,137.9030536834035,4.9381024018493225
Switzerland,CHE,22,6.82437475009937,137.9030536834035,4.9381024018493225
Switzerland,CHE,23,6.848772130758073,137.9030536834035,4.9381024018493225
Switzerland,CHE,24,6.816510564685135,137.9030536834035,4.9381024018493225
Switzerland,CHE,25,6.733197507676202,137.9030536834035,4.9381024018493225
Switzerland,CHE,26,6.595938192931157,137.9030536834035,4.9381024018493225
Switzerland,CHE,27,6.402537456314665,137.9030536834035,4.9381024018493225
Switzerland,CHE,28,6.162548932941012,137.9030536834035,4.9381024018493225
Switzerland,CHE,29,5.888009003672292,137.9030536834035,4.9381024018493225
Switzerland,CHE,30,5.588698456631128,137.9030536834035,4.9381024018493225
Switzerland,CHE,31,5.268297788101849,137.9030536834035,4.9381024018493225
Switzerland,CHE,32,4.9381024018493225,137.9030536834035,4.9381024018493225
Netherlands,NLD,0,0.15070079754246946,171.4870287327532,6.192631912008566
Netherlands,NLD,1,0.2573238028688952,171.4870287327532,6.192631912008566
Netherlands,NLD,2,0.3980846369113239,171.4870287327532,6.192631912008566
Netherlands,NLD,3,0.5779702116436378,171.4870287327532,6.192631912008566
Netherlands,NLD,4,0.8006991003554741,171.4870287327532,6.192631912008566
Netherlands,NLD,5,1.0698427084960234,171.4870287327532,6.192631912008566
Netherlands,NLD,6,1.3892457698073981,171.4870287327532,6.192631912008566
Netherlands,NLD,7,1.7610291834085208,171.4870287327532,6.192631912008566
Netherlands,NLD,8,2.186540338472038,171.4870287327532,6.192631912008566
Netherlands,NLD,9,2.665240743521475,171.4870287327532,6.192631912008566
Netherlands,NLD,10,3.1934823668923027,171.4870287327532,6.192631912008566
Netherlands,NLD,11,3.764847759091144,171.4870287327532,6.192631912008566
Netherlands,NLD,12,4.364837735090697,171.4870287327532,6.192631912008566
Netherlands,NLD,13,4.97761515505748,171.4870287327532,6.192631912008566
Netherlands,NLD,14,5.587256234748524,171.4870287327532,6.192631912008566
Netherlands,NLD,15,6.177564509696001,171.4870287327532,6.192631912008566
Netherlands,NLD,16,6.735163822892526,171.4870287327532,6.192631912008566
Netherlands,NLD,17,7.24700567606,171.4870287327532,6.192631912008566
Netherlands,NLD,18,7.6982628037053615,171.4870287327532,6.192631912008566
Netherlands,NLD,19,8.07053113311414,171.4870287327532,6.192631912008566
Netherlands,NLD,20,8.356002559537329,171.4870287327532,6.192631912008566
Netherlands,NLD,21,8.551116502372643,171.4870287327532,6.192631912008566
Netherlands,NLD,22,8.658576318850024,171.4870287327532,6.192631912008566
Netherlands,NLD,23,8.68838893441074,171.4870287327532,6.192631912008566
Netherlands,NLD,24,8.648338784590498,171.4870287327532,6.192631912008566
Netherlands,NLD,25,8.532254251962183,171.4870287327532,6.192631912008566
Netherlands,NLD,26,8.334427190844353,171.4870287327532,6.192631912008566
Netherlands,NLD,27,8.056274844126191,171.4870287327532,6.192631912008566
Netherlands,NLD,28,7.721339372030863,171.4870287327532,6.192631912008566
Netherlands,NLD,29,7.35059171550374,171.4870287327532,6.192631912008566
Netherlands,NLD,30,6.96314398920101,171.4870287327532,6.192631912008566
Netherlands,NLD,31,6.57592862355663,171.4870287327532,6.192631912008566
Netherlands,NLD,32,6.192631912008566,171.4870287327532,6.192631912008566
United Kingdom,GBR,0,0.046729959101253084,182.49980770487738,12.787939294435102
United Kingdom,GBR,1,0.07704120552988206,182.49980770487738,12.787939294435102
United Kingdom,GBR,2,0.11758340248327251,182.49980770487738,12.787939294435102
United Kingdom,GBR,3,0.17174734953631357,182.49980770487738,12.787939294435102
United Kingdom,GBR,4,0.2432345328362804,182.49980770487738,12.787939294435102
United Kingdom,GBR,5,0.33604441456962675,182.49980770487738,12.787939294435102
United Kingdom,GBR,6,0.45627662426835014,182.49980770487738,12.787939294435102
United Kingdom,GBR,7,0.6115567331924252,182.49980770487738,12.787939294435102
United Kingdom,GBR,8,0.8133856471611246,182.49980770487738,12.787939294435102
United Kingdom,GBR,9,1.073979177654234,182.49980770487738,12.787939294435102
United Kingdom,GBR,10,1.4054602768977325,182.49980770487738,12.787939294435102
United Kingdom,GBR,11,1.8185128103966468,182.49980770487738,12.787939294435102
United Kingdom,GBR,12,2.318441473662006,182.49980770487738,12.787939294435102
United Kingdom,GBR,13,2.9069449883836307,182.49980770487738,12.787939294435102
United Kingdom,GBR,14,3.577388777803001,182.49980770487738,12.787939294435102
United Kingdom,GBR,15,4.323015089089278,182.49980770487738,12.787939294435102
United Kingdom,GBR,16,5.1345947560127,182.49980770487738,12.787939294435102
United Kingdom,GBR,17,5.996734249257586,182.49980770487738,12.787939294435102
United Kingdom,GBR,18,6.874419536899102,182.49980770487738,12.787939294435102
United Kingdom,GBR,19,7.734590077737456,182.49980770487738,12.787939294435102
United Kingdom,GBR,20,8.54835989637747,182.49980770487738,12.787939294435102
United Kingdom,GBR,21,9.299709966172925,182.49980770487738,12.787939294435102
United Kingdom,GBR,22,9.988905033914213,182.49980770487738,12.787939294435102
United Kingdom,GBR,23,10.620060899543128,182.49980770487738,12.787939294435102
United Kingdom,GBR,24,11.193218229313418,182.49980770487738,12.787939294435102
United Kingdom,GBR,25,11.686619502452606,182.49980770487738,12.787939294435102
United Kingdom,GBR,26,12.076469321054649,182.49980770487738,12.787939294435102
United Kingdom,GBR,27,12.35691824594215,182.49980770487738,12.787939294435102
United Kingdom,GBR,28,12.541351215438914,182.49980770487738,12.787939294435102
United Kingdom,GBR,29,12.652105189363207,182.49980770487738,12.787939294435102
United Kingdom,GBR,30,12.726680137009422,182.49980770487738,12.787939294435102
United Kingdom,GBR,31,12.787939294435102,182.49980770487738,12.787939294435102
France,FRA,0,-3.294894039243936e-4,235.12511521287416,10.450446362509222
France,FRA,1,0.004150080538990228,235.12511521287416,10.450446362509222
France,FRA,2,0.012524087493805002,235.12511521287416,10.450446362509222
France,FRA,3,0.02688600653088915,235.12511521287416,10.450446362509222
France,FRA,4,0.04975100243373135,235.12511521287416,10.450446362509222
France,FRA,5,0.08488683236538745,235.12511521287416,10.450446362509222
France,FRA,6,0.13700210269424146,235.12511521287416,10.450446362509222
France,FRA,7,0.2119412595014047,235.12511521287416,10.450446362509222
France,FRA,8,0.3159427250822875,235.12511521287416,10.450446362509222
France,FRA,9,0.4556575427860562,235.12511521287416,10.450446362509222
France,FRA,10,0.6373687017612398,235.12511521287416,10.450446362509222
France,FRA,11,0.8666709648598474,235.12511521287416,10.450446362509222
France,FRA,12,1.1457399834528048,235.12511521287416,10.450446362509222
France,FRA,13,1.4715135195781517,235.12511521287416,10.450446362509222
France,FRA,14,1.842661032512367,235.12511521287416,10.450446362509222
France,FRA,15,2.268453852628369,235.12511521287416,10.450446362509222
France,FRA,16,2.757062890257735,235.12511521287416,10.450446362509222
France,FRA,17,3.3152453820359153,235.12511521287416,10.450446362509222
France,FRA,18,3.9482281558661416,235.12511521287416,10.450446362509222
France,FRA,19,4.661317958902824,235.12511521287416,10.450446362509222
France,FRA,20,5.460203068524001,235.12511521287416,10.450446362509222
France,FRA,21,6.351808905494614,235.12511521287416,10.450446362509222
France,FRA,22,7.338390143547439,235.12511521287416,10.450446362509222
France,FRA,23,8.39942002325462,235.12511521287416,10.450446362509222
France,FRA,24,9.503454761913254,235.12511521287416,10.450446362509222
France,FRA,25,10.593492456260293,235.12511521287416,10.450446362509222
France,FRA,26,11.587857275482518,235.12511521287416,10.450446362509222
France,FRA,27,12.40814460015579,235.12511521287416,10.450446362509222
France,FRA,28,13.019334202025734,235.12511521287416,10.450446362509222
France,FRA,29,13.437737657040794,235.12511521287416,10.450446362509222
France,FRA,30,13.68207902168858,235.12511521287416,10.450446362509222
France,FRA,31,13.742800242634548,235.12511521287416,10.450446362509222
France,FRA,32,13.622970444809159,235.12511521287416,10.450446362509222
France,FRA,33,13.330236963838988,235.12511521287416,10.450446362509222
France,FRA,34,12.878412571126503,235.12511521287416,10.450446362509222
France,FRA,35,12.316089443618235,235.12511521287416,10.450446362509222
France,FRA,36,11.699738632081639,235.12511521287416,10.450446362509222
France,FRA,37,11.07393607771283,235.12511521287416,10.450446362509222
France,FRA,38,10.450446362509222,235.12511521287416,10.450446362509222
Italy,ITA,0,-0.02274275112458259,348.6657786863541,8.781076308418761
Italy,ITA,1,-0.013442324145474503,348.6657786863541,8.781076308418761
Italy,ITA,2,0.004631788920081194,348.6657786863541,8.781076308418761
Italy,ITA,3,0.03472199737911417,348.6657786863541,8.781076308418761
Italy,ITA,4,0.08071526973654103,348.6657786863541,8.781076308418761
Italy,ITA,5,0.14700634071512744,348.6657786863541,8.781076308418761
Italy,ITA,6,0.2380125140788694,348.6657786863541,8.781076308418761
Italy,ITA,7,0.3580290253085986,348.6657786863541,8.781076308418761
Italy,ITA,8,0.5119108068075272,348.6657786863541,8.781076308418761
Italy,ITA,9,0.7047498735647131,348.6657786863541,8.781076308418761
Italy,ITA,10,0.9417278172041962,348.6657786863541,8.781076308418761
Italy,ITA,11,1.2271891530749597,348.6657786863541,8.781076308418761
Italy,ITA,12,1.5643387922560508,348.6657786863541,8.781076308418761
Italy,ITA,13,1.9533018878092805,348.6657786863541,8.781076308418761
Italy,ITA,14,2.395540743041521,348.6657786863541,8.781076308418761
Italy,ITA,15,2.893561888866032,348.6657786863541,8.781076308418761
Italy,ITA,16,3.451061662016064,348.6657786863541,8.781076308418761
Italy,ITA,17,4.067643728694383,348.6657786863541,8.781076308418761
Italy,ITA,18,4.7357048580483045,348.6657786863541,8.781076308418761
Italy,ITA,19,5.446930125507178,348.6657786863541,8.781076308418761
Italy,ITA,20,6.1958484344945965,348.6657786863541,8.781076308418761
Italy,ITA,21,6.974786825495419,348.6657786863541,8.781076308418761
Italy,ITA,22,7.773758062087096,348.6657786863541,8.781076308418761
Italy,ITA,23,8.575210512549434,348.6657786863541,8.781076308418761
Italy,ITA,24,9.354397837833545,348.6657786863541,8.781076308418761
Italy,ITA,25,10.085061952220887,348.6657786863541,8.781076308418761
Italy,ITA,26,10.745515922372329,348.6657786863541,8.781076308418761
Italy,ITA,27,11.333819190494403,348.6657786863541,8.781076308418761
Italy,ITA,28,11.851271698655916,348.6657786863541,8.781076308418761
Italy,ITA,29,12.291929263627834,348.6657786863541,8.781076308418761
Italy,ITA,30,12.646678052858949,348.6657786863541,8.781076308418761
Italy,ITA,31,12.903647460265452,348.6657786863541,8.781076308418761
Italy,ITA,32,13.045455093812995,348.6657786863541,8.781076308418761
Italy,ITA,33,13.070289254263953,348.6657786863541,8.781076308418761
Italy,ITA,34,12.987207180432968,348.6657786863541,8.781076308418761
Italy,ITA,35,12.80722866637982,348.6657786863541,8.781076308418761
Italy,ITA,36,12.54360623810064,348.6657786863541,8.781076308418761
Italy,ITA,37,12.214595604671942,348.6657786863541,8.781076308418761
Italy,ITA,38,11.839641318344585,348.6657786863541,8.781076308418761
Italy,ITA,39,11.439451713976986,348.6657786863541,8.781076308418761
Italy,ITA,40,11.039737609627734,348.6657786863541,8.781076308418761
Italy,ITA,41,10.663923202005437,348.6657786863541,8.781076308418761
Italy,ITA,42,10.320827841071281,348.6657786863541,8.781076308418761
Italy,ITA,43,10.013896960239858,348.6657786863541,8.781076308418761
Italy,ITA,44,9.744255305170974,348.6657786863541,8.781076308418761
Italy,ITA,45,9.50616069251147,348.6657786863541,8.781076308418761
Italy,ITA,46,9.294322719739382,348.6657786863541,8.781076308418761
Italy,ITA,47,9.105199243180019,348.6657786863541,8.781076308418761
Italy,ITA,48,8.937460486007359,348.6657786863541,8.781076308418761
Italy,ITA,49,8.781076308418761,348.6657786863541,8.781076308418761
Belgium,BEL,0,0.28563594395710656,363.5884650881603,28.144347696022045
Belgium,BEL,1,0.47265339070715173,363.5884650881603,28.144347696022045
Belgium,BEL,2,0.7156417283648727,363.5884650881603,28.144347696022045
Belgium,BEL,3,1.0212860414215348,363.5884650881603,28.144347696022045
Belgium,BEL,4,1.3967752477987285,363.5884650881603,28.144347696022045
Belgium,BEL,5,1.8532850830331928,363.5884650881603,28.144347696022045
Belgium,BEL,6,2.4055315814543103,363.5884650881603,28.144347696022045
Belgium,BEL,7,3.0654175490193727,363.5884650881603,28.144347696022045
Belgium,BEL,8,3.832330022897143,363.5884650881603,28.144347696022045
Belgium,BEL,9,4.707965768238939,363.5884650881603,28.144347696022045
Belgium,BEL,10,5.694924964308957,363.5884650881603,28.144347696022045
Belgium,BEL,11,6.794260203629647,363.5884650881603,28.144347696022045
Belgium,BEL,12,8.00599346593292,363.5884650881603,28.144347696022045
Belgium,BEL,13,9.318611796552482,363.5884650881603,28.144347696022045
Belgium,BEL,14,10.713773325754483,363.5884650881603,28.144347696022045
Belgium,BEL,15,12.165591512380281,363.5884650881603,28.144347696022045
Belgium,BEL,16,13.674778832848517,363.5884650881603,28.144347696022045
Belgium,BEL,17,15.252863981045659,363.5884650881603,28.144347696022045
Belgium,BEL,18,16.91524212655977,363.5884650881603,28.144347696022045
Belgium,BEL,19,18.644471821503004,363.5884650881603,28.144347696022045
Belgium,BEL,20,20.397551630380345,363.5884650881603,28.144347696022045
Belgium,BEL,21,22.075842120019008,363.5884650881603,28.144347696022045
Belgium,BEL,22,23.606338735036168,363.5884650881603,28.144347696022045
Belgium,BEL,23,24.92566650461875,363.5884650881603,28.144347696022045
Belgium,BEL,24,25.98018999330056,363.5884650881603,28.144347696022045
Belgium,BEL,25,26.768965647294344,363.5884650881603,28.144347696022045
Belgium,BEL,26,27.326770770540136,363.5884650881603,28.144347696022045
Belgium,BEL,27,27.762201908229944,363.5884650881603,28.144347696022045
Belgium,BEL,28,28.144347696022045,363.5884650881603,28.144347696022045
Spain,ESP,0,-0.10222589897461412,385.8404916260903,9.372650923739226
Spain,ESP,1,-0.054989922480897235,385.8404916260903,9.372650923739226
Spain,ESP,2,0.02669946626542179,385.8404916260903,9.372650923739226
Spain,ESP,3,0.15439735490743833,385.8404916260903,9.372650923739226
Spain,ESP,4,0.34039788025768797,385.8404916260903,9.372650923739226
Spain,ESP,5,0.5978542956674526,385.8404916260903,9.372650923739226
Spain,ESP,6,0.9389616525169094,385.8404916260903,9.372650923739226
Spain,ESP,7,1.3751940380363237,385.8404916260903,9.372650923739226
Spain,ESP,8,1.9191619880737096,385.8404916260903,9.372650923739226
Spain,ESP,9,2.5867276200013603,385.8404916260903,9.372650923739226
Spain,ESP,10,3.3880726825331404,385.8404916260903,9.372650923739226
Spain,ESP,11,4.331541466413586,385.8404916260903,9.372650923739226
Spain,ESP,12,5.42095732868878,385.8404916260903,9.372650923739226
Spain,ESP,13,6.643648704992785,385.8404916260903,9.372650923739226
Spain,ESP,14,7.978915556346412,385.8404916260903,9.372650923739226
Spain,ESP,15,9.388695118166712,385.8404916260903,9.372650923739226
Spain,ESP,16,10.824442090704727,385.8404916260903,9.372650923739226
Spain,ESP,17,12.234409441277474,385.8404916260903,9.372650923739226
Spain,ESP,18,13.563166610060986,385.8404916260903,9.372650923739226
Spain,ESP,19,14.764007507617533,385.8404916260903,9.372650923739226
Spain,ESP,20,15.798409571268738,385.8404916260903,9.372650923739226
Spain,ESP,21,16.64924422469605,385.8404916260903,9.372650923739226
Spain,ESP,22,17.303589563635935,385.8404916260903,9.372650923739226
Spain,ESP,23,17.758680816076463,385.8404916260903,9.372650923739226
Spain,ESP,24,18.016723897734323,385.8404916260903,9.372650923739226
Spain,ESP,25,18.08723916256725,385.8404916260903,9.372650923739226
Spain,ESP,26,17.976477691367,385.8404916260903,9.372650923739226
Spain,ESP,27,17.695275939363288,385.8404916260903,9.372650923739226
Spain,ESP,28,17.276970249134642,385.8404916260903,9.372650923739226
Spain,ESP,29,16.75572436517974,385.8404916260903,9.372650923739226
Spain,ESP,30,16.160499042258134,385.8404916260903,9.372650923739226
Spain,ESP,31,15.502787238768997,385.8404916260903,9.372650923739226
Spain,ESP,32,14.783065294089493,385.8404916260903,9.372650923739226
Spain,ESP,33,14.001030188880959,385.8404916260903,9.372650923739226
Spain,ESP,34,13.161023775309104,385.8404916260903,9.372650923739226
Spain,ESP,35,12.271059092566942,385.8404916260903,9.372650923739226
Spain,ESP,36,11.338254867685153,385.8404916260903,9.372650923739226
Spain,ESP,37,10.366804035828629,385.8404916260903,9.372650923739226
Spain,ESP,38,9.372650923739226,385.8404916260903,9.372650923739226
